Project ID,Accounting Period,Task ID,Expenditure Type,Budget,Budget Year,Update Date,Updated By
300000342565493,01-2026,100001475715610,421123 - Strategic planning consultancy  expenses,485088,2026,2026-01-22 08:08:12,ADGE_INTEGRATION_SVC_FIN
300000342565539,01-2026,100001475715638,424811 - Sponsorship expenses/contributions,10269708,2026,2026-03-25 13:44:18,ADGE_INTEGRATION_SVC_FIN
300000342565558,01-2026,300000491465552,424781 - Public relations expenses,290000,2026,2026-06-09 10:22:17,ADGE_INTEGRATION_SVC_FIN
300000342565558,01-2026,300000494510109,423821 - Business Travel - Per Diem Allowances,312579,2026,2026-06-09 10:22:17,ADGE_INTEGRATION_SVC_FIN
300000342565558,01-2026,300000494510114,424761 - Entertainment and hospitality,52578,2026,2026-06-09 10:22:17,ADGE_INTEGRATION_SVC_FIN
300000342565558,01-2026,300000494510118,"422401 - Conferences, seminars, exhib ,events: -deactivate",1461316,2026,2026-06-09 10:22:17,ADGE_INTEGRATION_SVC_FIN
300000342565558,01-2026,300000494510122,424221 - Events - Production costs,3766465,2026,2026-06-09 10:22:17,ADGE_INTEGRATION_SVC_FIN
300000342565558,01-2026,300001179037891,424131 - License Fee support - Related business,633161,2026,2026-06-09 10:22:17,ADGE_INTEGRATION_SVC_FIN
300000342565592,01-2026,300000491628778,424221 - Events - Production costs,50000,2026,2026-05-18 05:57:53,ADGE_INTEGRATION_SVC_FIN
300000342565592,01-2026,300000491628785,491711 - Furniture & Fixtures - Offices - Capital Expenditure,150000,2026,2026-05-18 05:57:53,ADGE_INTEGRATION_SVC_FIN
300000342565592,01-2026,300000491628790,424761 - Entertainment and hospitality,188718,2026,2026-05-18 05:57:53,ADGE_INTEGRATION_SVC_FIN
300000342565592,01-2026,300000491628794,423821 - Business Travel - Per Diem Allowances,360000,2026,2026-05-18 05:57:53,ADGE_INTEGRATION_SVC_FIN
300000342565592,01-2026,300000491628799,424131 - License Fee support - Related business,365000,2026,2026-05-18 05:57:53,ADGE_INTEGRATION_SVC_FIN
300000342565592,01-2026,300000491628803,"422401 - Conferences, seminars, exhib ,events: -deactivate",412347.85,2026,2026-05-18 05:57:53,ADGE_INTEGRATION_SVC_FIN
300000342565592,01-2026,300000491628820,491811 - Heritage culture assts,1500000,2026,2026-05-18 05:57:53,ADGE_INTEGRATION_SVC_FIN
300000342565592,01-2026,300001048524040,"424521 - Manpower supply ""Other Than IT Related""",60000,2026,2026-05-18 05:57:53,ADGE_INTEGRATION_SVC_FIN
300000342565609,01-2026,300000491628524,"424671 - Freight and shipping costs, not elsewhere",25000,2026,2026-04-08 12:20:46,ADGE_INTEGRATION_SVC_FIN
300000342565609,01-2026,300000491628614,"424231 - Events - Awards, prizes and gifts",150000,2026,2026-04-08 12:20:46,ADGE_INTEGRATION_SVC_FIN
300000342565609,01-2026,300000491628630,424701 - Translation and interpretation service,370000,2026,2026-04-08 12:20:46,ADGE_INTEGRATION_SVC_FIN
300000342565609,01-2026,300000491628645,424761 - Entertainment and hospitality,633000,2026,2026-04-08 12:20:46,ADGE_INTEGRATION_SVC_FIN
300000342565609,01-2026,300000491628685,421115 - Academic Advisory Service  expenses,1920000,2026,2026-04-08 12:20:46,ADGE_INTEGRATION_SVC_FIN
300000342565609,01-2026,300000491628759,424781 - Public relations expenses,2281500,2026,2026-04-08 12:20:46,ADGE_INTEGRATION_SVC_FIN
300000342565609,01-2026,300000491628763,"424231 - Events - Awards, prizes and gifts",7500000,2026,2026-04-08 12:20:46,ADGE_INTEGRATION_SVC_FIN
300000342565609,01-2026,300000491628855,"422401 - Conferences, seminars, exhib ,events: -deactivate",4400000,2026,2026-04-08 12:20:46,ADGE_INTEGRATION_SVC_FIN
300000342565626,01-2026,300000494510277,"422401 - Conferences, seminars, exhib ,events: -deactivate",300000,2026,2026-02-26 20:42:55,ADGE_INTEGRATION_SVC_FIN
300000342565626,01-2026,300000494510281,431114 - Text books and library books,300000,2026,2026-02-26 20:42:55,ADGE_INTEGRATION_SVC_FIN
300000342565626,01-2026,300000494510285,421115 - Academic Advisory Service  expenses,900000,2026,2026-02-26 20:42:55,ADGE_INTEGRATION_SVC_FIN
300000342565626,01-2026,300000494510289,"422951 - Other licenses, not mentioned elsewhere",618250,2026,2026-02-26 20:42:55,ADGE_INTEGRATION_SVC_FIN
300000342565626,01-2026,300000494510293,424791 - Printing and publishing,1100000,2026,2026-02-26 20:42:55,ADGE_INTEGRATION_SVC_FIN
300000342565626,01-2026,300000494510297,424791 - Printing and publishing,1118249,2026,2026-02-26 20:42:55,ADGE_INTEGRATION_SVC_FIN
300000342565626,01-2026,300000494510301,424701 - Translation and interpretation service,1836500,2026,2026-02-26 20:42:55,ADGE_INTEGRATION_SVC_FIN
300000342565626,01-2026,300000521152086,"424521 - Manpower supply ""Other Than IT Related""",300000,2026,2026-02-26 20:42:55,ADGE_INTEGRATION_SVC_FIN
300000342565643,01-2026,300000494510257,424791 - Printing and publishing,18000,2026,2026-03-02 21:40:03,ADGE_INTEGRATION_SVC_FIN
300000342565643,01-2026,300000494510261,431114 - Text books and library books,45000,2026,2026-03-02 21:40:03,ADGE_INTEGRATION_SVC_FIN
300000342565643,01-2026,300000494510265,424791 - Printing and publishing,180000,2026,2026-03-02 21:40:03,ADGE_INTEGRATION_SVC_FIN
300000342565643,01-2026,300000494510269,424791 - Printing and publishing,300000,2026,2026-03-02 21:40:03,ADGE_INTEGRATION_SVC_FIN
300000342565643,01-2026,300000494510273,"422951 - Other licenses, not mentioned elsewhere",320000,2026,2026-03-02 21:40:03,ADGE_INTEGRATION_SVC_FIN
300000342565660,01-2026,300000696256459,461412 - Support to AD tourism development program,1983201,2026,2026-05-05 12:22:31,hkaddoura@dctabudhabi.ae
300000342565660,02-2026,300000696256459,461412 - Support to AD tourism development program,'-39229,2026,2026-05-05 12:22:31,hkaddoura@dctabudhabi.ae
300000342565680,01-2026,300000696256499,461412 - Support to AD tourism development program,7122716,2026,2026-05-05 12:32:47,hkaddoura@dctabudhabi.ae
300000342565680,02-2026,300000696256499,461412 - Support to AD tourism development program,'-2022716,2026,2026-05-05 12:32:47,hkaddoura@dctabudhabi.ae
300000342565698,01-2026,300000696256470,461412 - Support to AD tourism development program,17679569,2026,2026-05-05 12:24:53,hkaddoura@dctabudhabi.ae
300000342565698,02-2026,300000696256470,461412 - Support to AD tourism development program,'-6553089,2026,2026-05-05 12:24:53,hkaddoura@dctabudhabi.ae
300000342565841,01-2026,300000546601345,422511 - Advertising Services (General),1712788,2026,2026-04-22 11:01:01,ADGE_INTEGRATION_SVC_FIN
300000342565858,01-2026,100001764747440,"426427 - Maintenance & repair-Exhibition Stands, etc",6000,2026,2026-03-03 18:36:39,ADGE_INTEGRATION_SVC_FIN
300000342565858,01-2026,100001764747441,422311 - Cleaning Services: Business premises,37800,2026,2026-03-03 18:36:39,ADGE_INTEGRATION_SVC_FIN
300000342565858,01-2026,100001764747443,424761 - Entertainment and hospitality,52900,2026,2026-03-03 18:36:39,ADGE_INTEGRATION_SVC_FIN
300000342565858,01-2026,100001764747444,426212 - Bldg maintenance-Business premises,19000,2026,2026-03-03 18:36:39,ADGE_INTEGRATION_SVC_FIN
300000342565894,01-2026,100001475716346,462512 - Grants towards Public-private partnerships,22648366,2026,2026-02-27 13:37:36,ADGE_INTEGRATION_SVC_FIN
300000342565911,01-2026,300000503094319,462616 - AD Music Arts,20163000,2026,2026-02-04 12:19:16,ADGE_INTEGRATION_SVC_FIN
300000342565947,01-2026,300000494510177,423821 - Business Travel - Per Diem Allowances,100000,2026,2026-02-17 10:47:28,ADGE_INTEGRATION_SVC_FIN
300000342565998,01-2026,300000494510309,424791 - Printing and publishing,130410,2026,2026-02-17 05:01:44,ADGE_INTEGRATION_SVC_FIN
300000342565998,01-2026,300000494510313,425301 - Pass Integ platform,137700,2026,2026-02-17 05:01:44,ADGE_INTEGRATION_SVC_FIN
300000342565998,01-2026,300000494510337,424791 - Printing and publishing,316509,2026,2026-02-17 05:01:44,ADGE_INTEGRATION_SVC_FIN
300000342936403,01-2026,300000506561533,421122 - Management consultancy expenses,2200000,2026,2026-07-15 04:30:42,ADGE_INTEGRATION_SVC_FIN
300000342936403,01-2026,300000506561533,421123 - Strategic planning consultancy  expenses,1300000,2026,2026-07-15 04:30:42,ADGE_INTEGRATION_SVC_FIN
300000342936403,01-2026,300000506561538,422191 - Operations management expenses not elsewhere,2260262,2026,2026-07-15 04:30:42,ADGE_INTEGRATION_SVC_FIN
300000342936403,01-2026,300000506561542,"424521 - Manpower supply ""Other Than IT Related""",3996663,2026,2026-07-15 04:30:42,ADGE_INTEGRATION_SVC_FIN
300000342936403,01-2026,300000506561546,423811 - Business Travel - Fares,422400,2026,2026-07-15 04:30:42,ADGE_INTEGRATION_SVC_FIN
300000342936403,01-2026,300000506561551,"424521 - Manpower supply ""Other Than IT Related""",3475984,2026,2026-07-15 04:30:42,ADGE_INTEGRATION_SVC_FIN
300000342936422,01-2026,300000506561555,422521 - Advertising-thru TV & Radio Media,60000,2026,2026-02-12 15:27:11,ADGE_INTEGRATION_SVC_FIN
300000342936422,01-2026,300000506561559,"422411 - Conferences, seminars and exhib  events: - Local Events",500000,2026,2026-02-12 15:27:11,ADGE_INTEGRATION_SVC_FIN
300000342936422,01-2026,300000506561559,"422451 - Conferences, seminars and exhibitions and other events: - Overseas event",1000000,2026,2026-02-12 15:27:11,ADGE_INTEGRATION_SVC_FIN
300000342936422,01-2026,300000506561563,431115 - Academic Publications,150000,2026,2026-02-12 15:27:11,ADGE_INTEGRATION_SVC_FIN
300000342936422,01-2026,300000506561567,423411 - General research  expenses,355000,2026,2026-02-12 15:27:11,ADGE_INTEGRATION_SVC_FIN
300000342936422,01-2026,300000506561571,432312 - Training/Teaching equipment other educational aid,2120000,2026,2026-02-12 15:27:11,ADGE_INTEGRATION_SVC_FIN
300000342936440,01-2026,300000506561604,422211 -  IT Systems- Support expenses:Maintenance,412595,2026,2026-04-15 12:34:57,ADGE_INTEGRATION_SVC_FIN
300000342936440,01-2026,300000506561604,422212 - IT Systems - Support expenses-Application/Systems Operation,96205,2026,2026-04-15 12:34:57,ADGE_INTEGRATION_SVC_FIN
300000342936440,01-2026,300000506561604,422213 - IT Systems - Support expenses-Security Services Operation,231265,2026,2026-04-15 12:34:57,ADGE_INTEGRATION_SVC_FIN
300000342936440,01-2026,300000506561604,422218 - Cloud-Infrastructure,32722,2026,2026-04-15 12:34:57,ADGE_INTEGRATION_SVC_FIN
300000342936440,01-2026,300000506561604,422917 - Network & Infrastructure Software - License Renewal,309058,2026,2026-04-15 12:34:57,ADGE_INTEGRATION_SVC_FIN
300000342936440,01-2026,300000506561604,"423711 - Telephone,telefax charges-Telecom, Satellite  services",103502,2026,2026-04-15 12:34:57,ADGE_INTEGRATION_SVC_FIN
300000342936440,01-2026,300000506561604,425308 - SaaS - Business Specific Solutions Subscription,1367511,2026,2026-04-15 12:34:57,ADGE_INTEGRATION_SVC_FIN
300000342936440,01-2026,300000513275002,491374 - Hardware & peripherals-Facility and Physical Infrastructure,20000,2026,2026-04-15 12:34:57,ADGE_INTEGRATION_SVC_FIN
300000342936440,01-2026,300000513275002,493110 - Computer software - Capital Expenditure,200000,2026,2026-04-15 12:34:57,ADGE_INTEGRATION_SVC_FIN
300000342936458,01-2026,300000506561575,"424231 - Events - Awards, prizes and gifts",1000000,2026,2026-07-16 09:13:45,ADGE_INTEGRATION_SVC_FIN
300000342936458,01-2026,300000506561579,424221 - Events - Production costs,1390000,2026,2026-07-16 09:13:45,ADGE_INTEGRATION_SVC_FIN
300000342936458,01-2026,300000506561583,421125 - Professional Operational Service  expenses,1200000,2026,2026-07-16 09:13:45,ADGE_INTEGRATION_SVC_FIN
300000342936458,01-2026,300000506561587,421125 - Professional Operational Service  expenses,100000,2026,2026-07-16 09:13:45,ADGE_INTEGRATION_SVC_FIN
300000342936458,01-2026,300000506561591,421125 - Professional Operational Service  expenses,1214004,2026,2026-07-16 09:13:45,ADGE_INTEGRATION_SVC_FIN
300000342936458,01-2026,300000506561594,421125 - Professional Operational Service  expenses,1072920,2026,2026-07-16 09:13:45,ADGE_INTEGRATION_SVC_FIN
300000342936476,01-2026,300000519705809,413710 - Tuition fees Non IT Related,296851,2026,2026-02-18 04:45:17,ADGE_INTEGRATION_SVC_FIN
300000342936494,01-2026,300000506561597,424221 - Events - Production costs,5124159,2026,2026-02-16 07:31:08,ADGE_INTEGRATION_SVC_FIN
300000342936494,01-2026,300000506561600,"424521 - Manpower supply ""Other Than IT Related""",3401904,2026,2026-02-16 07:31:08,ADGE_INTEGRATION_SVC_FIN
300000344238891,01-2026,100001476937044,424811 - Sponsorship expenses/contributions,3500000,2026,2026-01-21 18:19:43,ADGE_INTEGRATION_SVC_FIN
300000344238953,01-2026,100001476937090,"422401 - Conferences, seminars, exhib ,events: -deactivate",9000000,2026,2026-02-22 12:45:29,ADGE_INTEGRATION_SVC_FIN
300000344238971,01-2026,100001476937109,424811 - Sponsorship expenses/contributions,5000000,2026,2026-01-21 18:27:59,ADGE_INTEGRATION_SVC_FIN
300000356334084,01-2026,100001476145619,424811 - Sponsorship expenses/contributions,7070525,2026,2026-01-21 18:26:00,ADGE_INTEGRATION_SVC_FIN
300000356334101,01-2026,300000491465560,424781 - Public relations expenses,625000,2026,2026-04-01 05:48:40,ADGE_INTEGRATION_SVC_FIN
300000356334101,01-2026,300000494510129,424761 - Entertainment and hospitality,171000,2026,2026-04-01 05:48:40,ADGE_INTEGRATION_SVC_FIN
300000356334101,01-2026,300000494510137,423821 - Business Travel - Per Diem Allowances,407000,2026,2026-04-01 05:48:40,ADGE_INTEGRATION_SVC_FIN
300000356334101,01-2026,300000494510145,"422401 - Conferences, seminars, exhib ,events: -deactivate",550000,2026,2026-04-01 05:48:40,ADGE_INTEGRATION_SVC_FIN
300000356334101,01-2026,300000494510149,424221 - Events - Production costs,3448848,2026,2026-04-01 05:48:40,ADGE_INTEGRATION_SVC_FIN
300000356334101,01-2026,300000533360236,424131 - License Fee support - Related business,646000,2026,2026-04-01 05:48:40,ADGE_INTEGRATION_SVC_FIN
300000356334101,01-2026,300000539174098,421125 - Professional Operational Service  expenses,170000,2026,2026-04-01 05:48:40,ADGE_INTEGRATION_SVC_FIN
300000356334227,01-2026,100001476145841,424811 - Sponsorship expenses/contributions,6604954,2026,2026-07-23 05:29:23,ADGE_INTEGRATION_SVC_FIN
300000356334316,01-2026,100001476145926,422511 - Advertising Services (General),3873872,2026,2026-07-10 10:09:12,ADGE_INTEGRATION_SVC_FIN
300000356334334,01-2026,100001476145940,422511 - Advertising Services (General),3536313,2026,2026-07-10 10:11:54,ADGE_INTEGRATION_SVC_FIN
300000356334352,01-2026,100001476145954,422511 - Advertising Services (General),4243558,2026,2026-07-10 10:05:12,ADGE_INTEGRATION_SVC_FIN
300000356334388,01-2026,100001476145982,422511 - Advertising Services (General),2413345,2026,2026-07-10 10:10:33,ADGE_INTEGRATION_SVC_FIN
300000356334424,01-2026,100001476146508,422511 - Advertising Services (General),1798123,2026,2026-07-10 10:13:10,ADGE_INTEGRATION_SVC_FIN
300000356334442,01-2026,100001476147149,422511 - Advertising Services (General),7500000,2026,2026-02-17 05:03:48,ADGE_INTEGRATION_SVC_FIN
300000356334460,01-2026,100001476147444,422511 - Advertising Services (General),7587837,2026,2026-07-10 10:18:28,ADGE_INTEGRATION_SVC_FIN
300000356334478,01-2026,100001476147459,422511 - Advertising Services (General),7524128,2026,2026-07-10 10:06:33,ADGE_INTEGRATION_SVC_FIN
300000356334496,01-2026,300000521009591,"424521 - Manpower supply ""Other Than IT Related""",216000,2026,2026-08-06 13:12:26,ADGE_INTEGRATION_SVC_FIN
300000356334496,01-2026,300000776029388,"422401 - Conferences, seminars, exhib ,events: -deactivate",10000000,2026,2026-08-06 13:12:26,ADGE_INTEGRATION_SVC_FIN
300000356334496,01-2026,300000776029392,426212 - Bldg maintenance-Business premises,5745707,2026,2026-08-06 13:12:26,ADGE_INTEGRATION_SVC_FIN
300000356334496,01-2026,300000776029399,"421119 - IT consultancy, not software develop",2494331,2026,2026-08-06 13:12:26,ADGE_INTEGRATION_SVC_FIN
300000356334496,01-2026,300000776029417,424251 - Tourism Promotion (include site improvements),1489491,2026,2026-08-06 13:12:26,ADGE_INTEGRATION_SVC_FIN
300000356334496,01-2026,300000776029421,424811 - Sponsorship expenses/contributions,6741000,2026,2026-08-06 13:12:26,ADGE_INTEGRATION_SVC_FIN
300000356334496,01-2026,300000776029430,424251 - Tourism Promotion (include site improvements),874000,2026,2026-08-06 13:12:26,ADGE_INTEGRATION_SVC_FIN
300000356334496,01-2026,300000776029455,424251 - Tourism Promotion (include site improvements),373040,2026,2026-08-06 13:12:26,ADGE_INTEGRATION_SVC_FIN
300000356334496,01-2026,300000776029465,422511 - Advertising Services (General),198000,2026,2026-08-06 13:12:26,ADGE_INTEGRATION_SVC_FIN
300000356334496,01-2026,300000776029548,423821 - Business Travel - Per Diem Allowances,145500,2026,2026-08-06 13:12:26,ADGE_INTEGRATION_SVC_FIN
300000356334496,01-2026,300000776029561,422191 - Operations management expenses not elsewhere,82182,2026,2026-08-06 13:12:26,ADGE_INTEGRATION_SVC_FIN
300000356334496,01-2026,300002241797404,"424521 - Manpower supply ""Other Than IT Related""",1640230,2026,2026-08-06 13:12:26,ADGE_INTEGRATION_SVC_FIN
300000356334567,01-2026,100001476148588,424811 - Sponsorship expenses/contributions,16560720,2026,2026-02-16 12:10:03,ADGE_INTEGRATION_SVC_FIN
300000356334585,01-2026,100001476148614,423411 - General research  expenses,10289000,2026,2026-07-10 08:05:58,ADGE_INTEGRATION_SVC_FIN
300000356334620,01-2026,100001476148758,422511 - Advertising Services (General),3300000,2026,2026-06-18 09:53:18,ADGE_INTEGRATION_SVC_FIN
300000356334620,01-2026,100001476148759,"424521 - Manpower supply ""Other Than IT Related""",2684133,2026,2026-06-18 09:53:18,ADGE_INTEGRATION_SVC_FIN
300000356334620,01-2026,100001476148762,422511 - Advertising Services (General),7375967,2026,2026-06-18 09:53:18,ADGE_INTEGRATION_SVC_FIN
300000356334620,01-2026,300000515381444,423821 - Business Travel - Per Diem Allowances,152800,2026,2026-06-18 09:53:18,ADGE_INTEGRATION_SVC_FIN
300000356334620,01-2026,300000546601337,424781 - Public relations expenses,2235000,2026,2026-06-18 09:53:18,ADGE_INTEGRATION_SVC_FIN
300000356334637,01-2026,100001476149451,"422401 - Conferences, seminars, exhib ,events: -deactivate",700000,2026,2026-02-19 07:04:14,ADGE_INTEGRATION_SVC_FIN
300000356334637,01-2026,100001476149458,422511 - Advertising Services (General),305000,2026,2026-02-19 07:04:14,ADGE_INTEGRATION_SVC_FIN
300000356334654,01-2026,100001476149525,"422401 - Conferences, seminars, exhib ,events: -deactivate",76422,2026,2026-01-26 17:46:34,ADGE_INTEGRATION_SVC_FIN
300000356334654,01-2026,100001476149531,424761 - Entertainment and hospitality,70000,2026,2026-01-26 17:46:34,ADGE_INTEGRATION_SVC_FIN
300000356334654,01-2026,100001476149535,422511 - Advertising Services (General),293773,2026,2026-01-26 17:46:34,ADGE_INTEGRATION_SVC_FIN
300000356334711,01-2026,100001476151526,"422401 - Conferences, seminars, exhib ,events: -deactivate",542000,2026,2026-02-23 12:18:57,ADGE_INTEGRATION_SVC_FIN
300000356334711,01-2026,100001476151528,"424671 - Freight and shipping costs, not elsewhere",372600,2026,2026-02-23 12:18:57,ADGE_INTEGRATION_SVC_FIN
300000356334711,01-2026,100001476151530,424761 - Entertainment and hospitality,384568,2026,2026-02-23 12:18:57,ADGE_INTEGRATION_SVC_FIN
300000356334711,01-2026,100001476151541,422511 - Advertising Services (General),985055,2026,2026-02-23 12:18:57,ADGE_INTEGRATION_SVC_FIN
300000356334728,01-2026,100001476151636,"422401 - Conferences, seminars, exhib ,events: -deactivate",1853400,2026,2026-07-16 10:20:24,sqawasmeh@dctabudhabi.ae
300000356334728,01-2026,100001476151637,"426427 - Maintenance & repair-Exhibition Stands, etc",192347,2026,2026-07-16 10:20:24,sqawasmeh@dctabudhabi.ae
300000356334728,01-2026,100001476151647,422311 - Cleaning Services: Business premises,361594,2026,2026-07-16 10:20:24,sqawasmeh@dctabudhabi.ae
300000356334728,01-2026,100001476151651,"422401 - Conferences, seminars, exhib ,events: -deactivate",135000,2026,2026-07-16 10:20:24,sqawasmeh@dctabudhabi.ae
300000356334728,01-2026,100001476151656,424761 - Entertainment and hospitality,151485,2026,2026-07-16 10:20:24,sqawasmeh@dctabudhabi.ae
300000356334728,01-2026,100001476151659,432614 - Landscaping and other horticulturematerials,169860,2026,2026-07-16 10:20:24,sqawasmeh@dctabudhabi.ae
300000356334728,01-2026,100001476151663,426212 - Bldg maintenance-Business premises,422242,2026,2026-07-16 10:20:24,sqawasmeh@dctabudhabi.ae
300000356334728,01-2026,100001476151665,"424521 - Manpower supply ""Other Than IT Related""",566787,2026,2026-07-16 10:20:24,sqawasmeh@dctabudhabi.ae
300000356334728,01-2026,100001476151683,424551 - Security service  expenses,647152,2026,2026-07-16 10:20:24,sqawasmeh@dctabudhabi.ae
300000356334728,01-2026,100001476151690,423931 - Consumption charges-Water & Electricity combined,233520,2026,2026-07-16 10:20:24,sqawasmeh@dctabudhabi.ae
300000356334728,01-2026,300000488192107,421125 - Professional Operational Service  expenses,260800,2026,2026-07-16 10:20:24,sqawasmeh@dctabudhabi.ae
300000356334728,07-2026,100001476151651,"422401 - Conferences, seminars, exhib ,events: -deactivate",15000,2026,2026-07-16 10:20:24,sqawasmeh@dctabudhabi.ae
300000356334745,01-2026,100001476151857,"424521 - Manpower supply ""Other Than IT Related""",1004924,2026,2026-04-07 08:31:23,ADGE_INTEGRATION_SVC_FIN
300000356334745,01-2026,300000667605665,432626 - Music Band related items,77090,2026,2026-04-07 08:31:23,ADGE_INTEGRATION_SVC_FIN
300000356334762,01-2026,100001476151931,"422401 - Conferences, seminars, exhib ,events: -deactivate",440400,2026,2026-01-22 08:43:30,ADGE_INTEGRATION_SVC_FIN
300000356334762,01-2026,100001476151951,"424521 - Manpower supply ""Other Than IT Related""",1344000,2026,2026-01-22 08:43:30,ADGE_INTEGRATION_SVC_FIN
300000356334762,01-2026,100001476151956,"424521 - Manpower supply ""Other Than IT Related""",230180,2026,2026-01-22 08:43:30,ADGE_INTEGRATION_SVC_FIN
300000356334779,01-2026,100001476152158,"422401 - Conferences, seminars, exhib ,events: -deactivate",2161760,2026,2026-08-07 06:53:37,ADGE_INTEGRATION_SVC_FIN
300000356334779,01-2026,100001476152173,422311 - Cleaning Services: Business premises,1062336.6,2026,2026-08-07 06:53:37,ADGE_INTEGRATION_SVC_FIN
300000356334779,01-2026,100001476152184,424761 - Entertainment and hospitality,69454.8,2026,2026-08-07 06:53:37,ADGE_INTEGRATION_SVC_FIN
300000356334779,01-2026,100001476152187,432614 - Landscaping and other horticulturematerials,617449.5,2026,2026-08-07 06:53:37,ADGE_INTEGRATION_SVC_FIN
300000356334779,01-2026,100001476152188,490600 - Leaseholds - Other Infrastructure assets,967287,2026,2026-08-07 06:53:37,ADGE_INTEGRATION_SVC_FIN
300000356334779,01-2026,100001476152193,426212 - Bldg maintenance-Business premises,2148949.44,2026,2026-08-07 06:53:37,ADGE_INTEGRATION_SVC_FIN
300000356334779,01-2026,100001476152195,"424521 - Manpower supply ""Other Than IT Related""",1897540,2026,2026-08-07 06:53:37,ADGE_INTEGRATION_SVC_FIN
300000356334779,01-2026,100001476152198,422511 - Advertising Services (General),261381,2026,2026-08-07 06:53:37,ADGE_INTEGRATION_SVC_FIN
300000356334779,01-2026,100001476152208,422321 - Cleaning and Pest control Services-Public,124200,2026,2026-08-07 06:53:37,ADGE_INTEGRATION_SVC_FIN
300000356334779,01-2026,100001476152217,422511 - Advertising Services (General),340000,2026,2026-08-07 06:53:37,ADGE_INTEGRATION_SVC_FIN
300000356334779,01-2026,100001476152220,424551 - Security service  expenses,837745.5,2026,2026-08-07 06:53:37,ADGE_INTEGRATION_SVC_FIN
300000356334779,01-2026,100001476152228,423931 - Consumption charges-Water & Electricity combined,2036817.09,2026,2026-08-07 06:53:37,ADGE_INTEGRATION_SVC_FIN
300000356334779,01-2026,300000488192111,421125 - Professional Operational Service  expenses,324000,2026,2026-08-07 06:53:37,ADGE_INTEGRATION_SVC_FIN
300000356334779,01-2026,300000521152092,"424521 - Manpower supply ""Other Than IT Related""",536000,2026,2026-08-07 06:53:37,ADGE_INTEGRATION_SVC_FIN
300000356334796,01-2026,100001476163237,"422401 - Conferences, seminars, exhib ,events: -deactivate",993000,2026,2026-04-14 10:11:18,hkaddoura@dctabudhabi.ae
300000356334796,01-2026,100001476163238,"426427 - Maintenance & repair-Exhibition Stands, etc",162342,2026,2026-04-14 10:11:18,hkaddoura@dctabudhabi.ae
300000356334796,01-2026,100001476163256,422311 - Cleaning Services: Business premises,218430,2026,2026-04-14 10:11:18,hkaddoura@dctabudhabi.ae
300000356334796,01-2026,100001476163263,"424521 - Manpower supply ""Other Than IT Related""",1238400,2026,2026-04-14 10:11:18,hkaddoura@dctabudhabi.ae
300000356334796,01-2026,100001476163265,424761 - Entertainment and hospitality,265000,2026,2026-04-14 10:11:18,hkaddoura@dctabudhabi.ae
300000356334796,01-2026,100001476163267,432614 - Landscaping and other horticulturematerials,124500,2026,2026-04-14 10:11:18,hkaddoura@dctabudhabi.ae
300000356334796,01-2026,100001476163268,490600 - Leaseholds - Other Infrastructure assets,500000,2026,2026-04-14 10:11:18,hkaddoura@dctabudhabi.ae
300000356334796,01-2026,100001476163269,426212 - Bldg maintenance-Business premises,441605,2026,2026-04-14 10:11:18,hkaddoura@dctabudhabi.ae
300000356334796,01-2026,100001476163271,"424521 - Manpower supply ""Other Than IT Related""",1002132.7,2026,2026-04-14 10:11:18,hkaddoura@dctabudhabi.ae
300000356334796,01-2026,100001476163281,424781 - Public relations expenses,4750,2026,2026-04-14 10:11:18,hkaddoura@dctabudhabi.ae
300000356334796,01-2026,100001476163282,422321 - Cleaning and Pest control Services-Public,61938,2026,2026-04-14 10:11:18,hkaddoura@dctabudhabi.ae
300000356334796,01-2026,100001476163292,424551 - Security service  expenses,516005,2026,2026-04-14 10:11:18,hkaddoura@dctabudhabi.ae
300000356334796,01-2026,100001476163301,423931 - Consumption charges-Water & Electricity combined,565395,2026,2026-04-14 10:11:18,hkaddoura@dctabudhabi.ae
300000356334796,01-2026,300000488192096,421125 - Professional Operational Service  expenses,271800,2026,2026-04-14 10:11:18,hkaddoura@dctabudhabi.ae
300000356334796,01-2026,300000667605197,432626 - Music Band related items,150000,2026,2026-04-14 10:11:18,hkaddoura@dctabudhabi.ae
300000356334796,02-2026,100001476163271,"424521 - Manpower supply ""Other Than IT Related""",389413,2026,2026-04-14 10:11:18,hkaddoura@dctabudhabi.ae
300000356334813,01-2026,100001476163455,"422401 - Conferences, seminars, exhib ,events: -deactivate",745000,2026,2026-04-08 13:59:27,ADGE_INTEGRATION_SVC_FIN
300000356334813,01-2026,100001476163470,423821 - Business Travel - Per Diem Allowances,145000,2026,2026-04-08 13:59:27,ADGE_INTEGRATION_SVC_FIN
300000356334813,01-2026,100001476163484,422511 - Advertising Services (General),391185,2026,2026-04-08 13:59:27,ADGE_INTEGRATION_SVC_FIN
300000356334830,01-2026,100001476163657,"491335 - Photographic & theatre equip cameras, film processors",2418017,2026,2026-04-15 11:09:06,ADGE_INTEGRATION_SVC_FIN
300000356334830,01-2026,100001476163671,"424521 - Manpower supply ""Other Than IT Related""",2890000,2026,2026-04-15 11:09:06,ADGE_INTEGRATION_SVC_FIN
300000356334830,01-2026,100001476163673,422511 - Advertising Services (General),618458,2026,2026-04-15 11:09:06,ADGE_INTEGRATION_SVC_FIN
300000356334830,01-2026,100001476163682,422511 - Advertising Services (General),400000,2026,2026-04-15 11:09:06,ADGE_INTEGRATION_SVC_FIN
300000356334847,01-2026,100001476163793,"422401 - Conferences, seminars, exhib ,events: -deactivate",27214475,2026,2026-05-20 11:55:50,ADGE_INTEGRATION_SVC_FIN
300000356334847,01-2026,100001476163798,422511 - Advertising Services (General),708100,2026,2026-05-20 11:55:50,ADGE_INTEGRATION_SVC_FIN
300000356334847,01-2026,100001476163804,422511 - Advertising Services (General),425000,2026,2026-05-20 11:55:50,ADGE_INTEGRATION_SVC_FIN
300000356334864,01-2026,100001476163984,432626 - Music Band related items,90000,2026,2026-07-24 06:16:46,ADGE_INTEGRATION_SVC_FIN
300000356334864,01-2026,100001476163989,"424521 - Manpower supply ""Other Than IT Related""",1717000,2026,2026-07-24 06:16:46,ADGE_INTEGRATION_SVC_FIN
300000356334881,01-2026,100001476164086,"424521 - Manpower supply ""Other Than IT Related""",160000,2026,2026-05-18 11:04:04,ADGE_INTEGRATION_SVC_FIN
300000356334881,01-2026,100001476164090,424791 - Printing and publishing,1200000,2026,2026-05-18 11:04:04,ADGE_INTEGRATION_SVC_FIN
300000356334881,01-2026,300000533544741,"424521 - Manpower supply ""Other Than IT Related""",3343932,2026,2026-05-18 11:04:04,ADGE_INTEGRATION_SVC_FIN
300000356334881,01-2026,300000561748936,"424521 - Manpower supply ""Other Than IT Related""",160000,2026,2026-05-18 11:04:04,ADGE_INTEGRATION_SVC_FIN
300000356334881,01-2026,300000561748940,424791 - Printing and publishing,1200000,2026,2026-05-18 11:04:04,ADGE_INTEGRATION_SVC_FIN
300000356334898,01-2026,100001476164138,"422401 - Conferences, seminars, exhib ,events: -deactivate",180000,2026,2026-01-27 13:35:49,ADGE_INTEGRATION_SVC_FIN
300000356334898,01-2026,100001476164146,"424991 - Other services, not specifically mentioned elsewhere",180000,2026,2026-01-27 13:35:49,ADGE_INTEGRATION_SVC_FIN
300000356334915,01-2026,300000497886391,"422401 - Conferences, seminars, exhib ,events: -deactivate",3918468,2026,2026-03-05 08:37:30,ADGE_INTEGRATION_SVC_FIN
300000356334932,01-2026,300000488192172,"422401 - Conferences, seminars, exhib ,events: -deactivate",231900,2026,2026-04-22 08:35:55,ADGE_INTEGRATION_SVC_FIN
300000356334932,01-2026,300000546601359,"424991 - Other services, not specifically mentioned elsewhere",180000,2026,2026-04-22 08:35:55,ADGE_INTEGRATION_SVC_FIN
300000356334949,01-2026,100001476164690,"422401 - Conferences, seminars, exhib ,events: -deactivate",1254037,2026,2026-07-15 08:12:40,ADGE_INTEGRATION_SVC_FIN
300000356334949,01-2026,100001476164709,422311 - Cleaning Services: Business premises,180698,2026,2026-07-15 08:12:40,ADGE_INTEGRATION_SVC_FIN
300000356334949,01-2026,100001476164711,422511 - Advertising Services (General),18500,2026,2026-07-15 08:12:40,ADGE_INTEGRATION_SVC_FIN
300000356334949,01-2026,100001476164716,"422401 - Conferences, seminars, exhib ,events: -deactivate",120000,2026,2026-07-15 08:12:40,ADGE_INTEGRATION_SVC_FIN
300000356334949,01-2026,100001476164721,424761 - Entertainment and hospitality,80529,2026,2026-07-15 08:12:40,ADGE_INTEGRATION_SVC_FIN
300000356334949,01-2026,100001476164724,432614 - Landscaping and other horticulturematerials,136679,2026,2026-07-15 08:12:40,ADGE_INTEGRATION_SVC_FIN
300000356334949,01-2026,100001476164729,426212 - Bldg maintenance-Business premises,409001,2026,2026-07-15 08:12:40,ADGE_INTEGRATION_SVC_FIN
300000356334949,01-2026,100001476164731,"424521 - Manpower supply ""Other Than IT Related""",742150,2026,2026-07-15 08:12:40,ADGE_INTEGRATION_SVC_FIN
300000356334949,01-2026,100001476164741,422321 - Cleaning and Pest control Services-Public,92340,2026,2026-07-15 08:12:40,ADGE_INTEGRATION_SVC_FIN
300000356334949,01-2026,100001476164751,424551 - Security service  expenses,508881,2026,2026-07-15 08:12:40,ADGE_INTEGRATION_SVC_FIN
300000356334949,01-2026,100001476164760,423931 - Consumption charges-Water & Electricity combined,212377,2026,2026-07-15 08:12:40,ADGE_INTEGRATION_SVC_FIN
300000356334949,01-2026,300000488192092,421125 - Professional Operational Service  expenses,171500,2026,2026-07-15 08:12:40,ADGE_INTEGRATION_SVC_FIN
300000356334983,01-2026,100001476166924,"422401 - Conferences, seminars, exhib ,events: -deactivate",1350000,2026,2026-04-20 06:13:34,ADGE_INTEGRATION_SVC_FIN
300000356334983,01-2026,100001476166925,"426427 - Maintenance & repair-Exhibition Stands, etc",463872,2026,2026-04-20 06:13:34,ADGE_INTEGRATION_SVC_FIN
300000356334983,01-2026,100001476166942,422311 - Cleaning Services: Business premises,288599,2026,2026-04-20 06:13:34,ADGE_INTEGRATION_SVC_FIN
300000356334983,01-2026,100001476166950,"422401 - Conferences, seminars, exhib ,events: -deactivate",135000,2026,2026-04-20 06:13:34,ADGE_INTEGRATION_SVC_FIN
300000356334983,01-2026,100001476166956,424761 - Entertainment and hospitality,145067,2026,2026-04-20 06:13:34,ADGE_INTEGRATION_SVC_FIN
300000356334983,01-2026,100001476166959,432614 - Landscaping and other horticulturematerials,276212,2026,2026-04-20 06:13:34,ADGE_INTEGRATION_SVC_FIN
300000356334983,01-2026,100001476166960,490600 - Leaseholds - Other Infrastructure assets,482713,2026,2026-04-20 06:13:34,ADGE_INTEGRATION_SVC_FIN
300000356334983,01-2026,100001476166964,426212 - Bldg maintenance-Business premises,612041,2026,2026-04-20 06:13:34,ADGE_INTEGRATION_SVC_FIN
300000356334983,01-2026,100001476166966,"424521 - Manpower supply ""Other Than IT Related""",992234,2026,2026-04-20 06:13:34,ADGE_INTEGRATION_SVC_FIN
300000356334983,01-2026,100001476166977,422321 - Cleaning and Pest control Services-Public,60329,2026,2026-04-20 06:13:34,ADGE_INTEGRATION_SVC_FIN
300000356334983,01-2026,100001476166988,424551 - Security service  expenses,557135,2026,2026-04-20 06:13:34,ADGE_INTEGRATION_SVC_FIN
300000356335000,01-2026,100001476167289,"424521 - Manpower supply ""Other Than IT Related""",265400,2026,2026-02-19 06:14:23,ADGE_INTEGRATION_SVC_FIN
300000356335000,01-2026,100001476167316,423931 - Consumption charges-Water & Electricity combined,247416,2026,2026-02-19 06:14:23,ADGE_INTEGRATION_SVC_FIN
300000357494015,01-2026,300000494510213,424791 - Printing and publishing,100000,2026,2026-02-16 12:11:31,ADGE_INTEGRATION_SVC_FIN
300000357494015,01-2026,300000494510217,423411 - General research  expenses,93080,2026,2026-02-16 12:11:31,ADGE_INTEGRATION_SVC_FIN
300000357494032,01-2026,300000494510221,"424231 - Events - Awards, prizes and gifts",45000,2026,2026-02-23 12:17:42,ADGE_INTEGRATION_SVC_FIN
300000357494032,01-2026,300000494510225,422511 - Advertising Services (General),400000,2026,2026-02-23 12:17:42,ADGE_INTEGRATION_SVC_FIN
300000357494049,01-2026,300000491628840,423821 - Business Travel - Per Diem Allowances,1245872,2026,2026-07-09 11:53:54,ADGE_INTEGRATION_SVC_FIN
300000357494049,01-2026,300000491628846,"422401 - Conferences, seminars, exhib ,events: -deactivate",579000,2026,2026-07-09 11:53:54,ADGE_INTEGRATION_SVC_FIN
300000357494049,01-2026,300000526286018,"424521 - Manpower supply ""Other Than IT Related""",75500,2026,2026-07-09 11:53:54,ADGE_INTEGRATION_SVC_FIN
300000357494066,01-2026,300001143542252,421115 - Academic Advisory Service  expenses,100000,2026,2026-07-09 11:50:09,ADGE_INTEGRATION_SVC_FIN
300000357494066,01-2026,300001143542256,"422401 - Conferences, seminars, exhib ,events: -deactivate",182938,2026,2026-07-09 11:50:09,ADGE_INTEGRATION_SVC_FIN
300000357494066,01-2026,300001143542260,"424521 - Manpower supply ""Other Than IT Related""",315000,2026,2026-07-09 11:50:09,ADGE_INTEGRATION_SVC_FIN
300000357494083,01-2026,300000491465564,424781 - Public relations expenses,600000,2026,2026-07-09 11:52:37,ADGE_INTEGRATION_SVC_FIN
300000357494083,01-2026,300000491465568,422511 - Advertising Services (General),500000,2026,2026-07-09 11:52:37,ADGE_INTEGRATION_SVC_FIN
300000357494083,01-2026,300000491465572,422511 - Advertising Services (General),1250000,2026,2026-07-09 11:52:37,ADGE_INTEGRATION_SVC_FIN
300000357494083,01-2026,300000494510153,424761 - Entertainment and hospitality,2500000,2026,2026-07-09 11:52:37,ADGE_INTEGRATION_SVC_FIN
300000357494083,01-2026,300000494510157,421125 - Professional Operational Service  expenses,3407000,2026,2026-07-09 11:52:37,ADGE_INTEGRATION_SVC_FIN
300000357494083,01-2026,300000494510161,"422401 - Conferences, seminars, exhib ,events: -deactivate",2428412,2026,2026-07-09 11:52:37,ADGE_INTEGRATION_SVC_FIN
300000357494083,01-2026,300000494510169,"422401 - Conferences, seminars, exhib ,events: -deactivate",7067685,2026,2026-07-09 11:52:37,ADGE_INTEGRATION_SVC_FIN
300000357494083,01-2026,300000494510173,424221 - Events - Production costs,10708691,2026,2026-07-09 11:52:37,ADGE_INTEGRATION_SVC_FIN
300000357494083,01-2026,300000533360244,424131 - License Fee support - Related business,4981552,2026,2026-07-09 11:52:37,ADGE_INTEGRATION_SVC_FIN
300000357494100,01-2026,300000491396936,"422401 - Conferences, seminars, exhib ,events: -deactivate",416916,2026,2026-06-08 08:40:19,ADGE_INTEGRATION_SVC_FIN
300000357494117,01-2026,300000491465541,422511 - Advertising Services (General),150000,2026,2026-02-17 05:02:44,ADGE_INTEGRATION_SVC_FIN
300000357494134,01-2026,100001475716839,422212 - IT Systems - Support expenses-Application/Systems Operation,959880,2026,2026-06-02 06:44:26,ADGE_INTEGRATION_SVC_FIN
300000357494134,01-2026,100001475716842,422212 - IT Systems - Support expenses-Application/Systems Operation,455000,2026,2026-06-02 06:44:26,ADGE_INTEGRATION_SVC_FIN
300000357494134,01-2026,100001475716843,422214 - IT Systems-Support expenses-Network Services Operation,200000,2026,2026-06-02 06:44:26,ADGE_INTEGRATION_SVC_FIN
300000357494134,01-2026,100001475716845,425252 - Rental - Computer SW-Rental/Subscription - Computer SW,209199,2026,2026-06-02 06:44:26,ADGE_INTEGRATION_SVC_FIN
300000357494134,01-2026,100001475716848,"493140 - Computer software-Application, Platform - Capital Expenditure",2326080,2026,2026-06-02 06:44:26,ADGE_INTEGRATION_SVC_FIN
300000357494134,01-2026,100001475716851,422212 - IT Systems - Support expenses-Application/Systems Operation,1072700,2026,2026-06-02 06:44:26,ADGE_INTEGRATION_SVC_FIN
300000357494134,01-2026,100001764747664,491320 - Hardware & peripherals - Capital Expenditure,90100,2026,2026-06-02 06:44:26,ADGE_INTEGRATION_SVC_FIN
300000357494134,01-2026,300000682374678,422212 - IT Systems - Support expenses-Application/Systems Operation,1595116,2026,2026-06-02 06:44:26,ADGE_INTEGRATION_SVC_FIN
300000357494151,01-2026,300000494510201,424811 - Sponsorship expenses/contributions,2500000,2026,2026-02-16 05:13:40,ADGE_INTEGRATION_SVC_FIN
300000357494242,01-2026,100001475716986,"422401 - Conferences, seminars, exhib ,events: -deactivate",3500000,2026,2026-01-21 18:15:48,ADGE_INTEGRATION_SVC_FIN
300000357494260,01-2026,300000696256231,461412 - Support to AD tourism development program,67000000,2026,2026-04-08 13:05:22,ADGE_INTEGRATION_SVC_FIN
300000357494278,01-2026,100001475717023,423831 - Business Travel - Accommodation expenses,98800,2026,2026-06-30 04:47:43,ADGE_INTEGRATION_SVC_FIN
300000357494348,01-2026,100001475717068,461412 - Support to AD tourism development program,15303000,2026,2026-08-07 06:53:35,ADGE_INTEGRATION_SVC_FIN
300000357494348,01-2026,100001475717070,461412 - Support to AD tourism development program,4073125,2026,2026-08-07 06:53:35,ADGE_INTEGRATION_SVC_FIN
300000357494348,01-2026,100001475717071,"422401 - Conferences, seminars, exhib ,events: -deactivate",27235692,2026,2026-08-07 06:53:35,ADGE_INTEGRATION_SVC_FIN
300000357494348,01-2026,300000533408724,"422401 - Conferences, seminars, exhib ,events: -deactivate",1541160,2026,2026-08-07 06:53:35,ADGE_INTEGRATION_SVC_FIN
300000357494382,01-2026,100001475717109,"422401 - Conferences, seminars, exhib ,events: -deactivate",9180000,2026,2026-01-21 18:20:45,ADGE_INTEGRATION_SVC_FIN
300000357494687,01-2026,100001475717454,"422401 - Conferences, seminars, exhib ,events: -deactivate",5790800,2026,2026-07-24 08:05:55,ADGE_INTEGRATION_SVC_FIN
300000357494687,01-2026,100001475717462,422311 - Cleaning Services: Business premises,438000,2026,2026-07-24 08:05:55,ADGE_INTEGRATION_SVC_FIN
300000357494687,01-2026,100001475717463,"422401 - Conferences, seminars, exhib ,events: -deactivate",500000,2026,2026-07-24 08:05:55,ADGE_INTEGRATION_SVC_FIN
300000357494687,01-2026,100001475717468,426212 - Bldg maintenance-Business premises,180900,2026,2026-07-24 08:05:55,ADGE_INTEGRATION_SVC_FIN
300000357494687,01-2026,100001475717469,424761 - Entertainment and hospitality,170900,2026,2026-07-24 08:05:55,ADGE_INTEGRATION_SVC_FIN
300000357494687,01-2026,100001475717470,432614 - Landscaping and other horticulturematerials,312000,2026,2026-07-24 08:05:55,ADGE_INTEGRATION_SVC_FIN
300000357494687,01-2026,100001475717471,490600 - Leaseholds - Other Infrastructure assets,4469498,2026,2026-07-24 08:05:55,ADGE_INTEGRATION_SVC_FIN
300000357494687,01-2026,100001475717472,426212 - Bldg maintenance-Business premises,510000,2026,2026-07-24 08:05:55,ADGE_INTEGRATION_SVC_FIN
300000357494687,01-2026,100001475717474,"424521 - Manpower supply ""Other Than IT Related""",3317847,2026,2026-07-24 08:05:55,ADGE_INTEGRATION_SVC_FIN
300000357494687,01-2026,100001475717480,422321 - Cleaning and Pest control Services-Public,180900,2026,2026-07-24 08:05:55,ADGE_INTEGRATION_SVC_FIN
300000357494687,01-2026,100001475717484,424551 - Security service  expenses,1514600,2026,2026-07-24 08:05:55,ADGE_INTEGRATION_SVC_FIN
300000357494687,01-2026,100001475717488,423931 - Consumption charges-Water & Electricity combined,1084140,2026,2026-07-24 08:05:55,ADGE_INTEGRATION_SVC_FIN
300000357494687,01-2026,100001475717489,424591 - Waste management service,36180,2026,2026-07-24 08:05:55,ADGE_INTEGRATION_SVC_FIN
300000357494687,01-2026,300000488192120,421125 - Professional Operational Service  expenses,201520,2026,2026-07-24 08:05:55,ADGE_INTEGRATION_SVC_FIN
300000357494687,01-2026,300000713396943,422511 - Advertising Services (General),1010000,2026,2026-07-24 08:05:55,ADGE_INTEGRATION_SVC_FIN
300000357494687,01-2026,300000805438609,"424521 - Manpower supply ""Other Than IT Related""",252000,2026,2026-07-24 08:05:55,ADGE_INTEGRATION_SVC_FIN
300000357494687,01-2026,300001437017298,423821 - Business Travel - Per Diem Allowances,290000,2026,2026-07-24 08:05:55,ADGE_INTEGRATION_SVC_FIN
300000357494722,01-2026,100001475717621,"422401 - Conferences, seminars, exhib ,events: -deactivate",1500000,2026,2026-04-15 11:20:59,ADGE_INTEGRATION_SVC_FIN
300000357494722,01-2026,100001475717627,426212 - Bldg maintenance-Business premises,301500,2026,2026-04-15 11:20:59,ADGE_INTEGRATION_SVC_FIN
300000357494722,01-2026,100001475717628,"424521 - Manpower supply ""Other Than IT Related""",579439,2026,2026-04-15 11:20:59,ADGE_INTEGRATION_SVC_FIN
300000357494722,01-2026,300000488192115,421125 - Professional Operational Service  expenses,443979,2026,2026-04-15 11:20:59,ADGE_INTEGRATION_SVC_FIN
300000357494722,01-2026,300000805438615,"424521 - Manpower supply ""Other Than IT Related""",135000,2026,2026-04-15 11:20:59,ADGE_INTEGRATION_SVC_FIN
300000357494739,01-2026,100001475717665,"422401 - Conferences, seminars, exhib ,events: -deactivate",1000000,2026,2026-07-17 10:15:38,ADGE_INTEGRATION_SVC_FIN
300000357494739,01-2026,100001475717667,422311 - Cleaning Services: Business premises,228992,2026,2026-07-17 10:15:38,ADGE_INTEGRATION_SVC_FIN
300000357494739,01-2026,100001475717669,432614 - Landscaping and other horticulturematerials,150000,2026,2026-07-17 10:15:38,ADGE_INTEGRATION_SVC_FIN
300000357494739,01-2026,100001475717670,426212 - Bldg maintenance-Business premises,539374,2026,2026-07-17 10:15:38,ADGE_INTEGRATION_SVC_FIN
300000357494739,01-2026,100001475717673,424551 - Security service  expenses,331640,2026,2026-07-17 10:15:38,ADGE_INTEGRATION_SVC_FIN
300000357494739,01-2026,100001475717675,423931 - Consumption charges-Water & Electricity combined,228024,2026,2026-07-17 10:15:38,ADGE_INTEGRATION_SVC_FIN
300000357494739,01-2026,300001710681223,490600 - Leaseholds - Other Infrastructure assets,1000000,2026,2026-07-17 10:15:38,ADGE_INTEGRATION_SVC_FIN
300000357494756,01-2026,300000564244555,491211 - Capital expense - Buildings,4249000,2026,2026-07-17 09:18:30,ADGE_INTEGRATION_SVC_FIN
300000357494773,01-2026,100001764747557,422311 - Cleaning Services: Business premises,37200,2026,2026-06-09 07:08:19,ADGE_INTEGRATION_SVC_FIN
300000357494773,01-2026,100001764747558,491711 - Furniture & Fixtures - Offices - Capital Expenditure,47500,2026,2026-06-09 07:08:19,ADGE_INTEGRATION_SVC_FIN
300000357494773,01-2026,100001764747559,426212 - Bldg maintenance-Business premises,22800,2026,2026-06-09 07:08:19,ADGE_INTEGRATION_SVC_FIN
300000357494773,01-2026,100001764747560,424551 - Security service  expenses,108144,2026,2026-06-09 07:08:19,ADGE_INTEGRATION_SVC_FIN
300000357494773,01-2026,300000530525618,"426427 - Maintenance & repair-Exhibition Stands, etc",62230,2026,2026-06-09 07:08:19,ADGE_INTEGRATION_SVC_FIN
300000357494790,01-2026,100001764747627,"426427 - Maintenance & repair-Exhibition Stands, etc",50000,2026,2026-02-12 10:55:36,ADGE_INTEGRATION_SVC_FIN
300000357494790,01-2026,100001764747628,491711 - Furniture & Fixtures - Offices - Capital Expenditure,47500,2026,2026-02-12 10:55:36,ADGE_INTEGRATION_SVC_FIN
300000357494790,01-2026,100001764747629,426212 - Bldg maintenance-Business premises,48000,2026,2026-02-12 10:55:36,ADGE_INTEGRATION_SVC_FIN
300000357494790,01-2026,100001764747630,424551 - Security service  expenses,298800,2026,2026-02-12 10:55:36,ADGE_INTEGRATION_SVC_FIN
300000357494807,01-2026,300000535047419,424811 - Sponsorship expenses/contributions,880000,2026,2026-03-02 15:28:00,ADGE_INTEGRATION_SVC_FIN
300000357494841,01-2026,100001475717870,"422401 - Conferences, seminars, exhib ,events: -deactivate",13729500,2026,2026-06-29 06:20:00,ADGE_INTEGRATION_SVC_FIN
300000357494859,01-2026,100001475717887,495511 - Survey and planning - Capital Expenditure,1000000,2026,2026-06-18 06:14:37,ADGE_INTEGRATION_SVC_FIN
300000357494877,01-2026,300000491628966,424781 - Public relations expenses,465865,2026,2026-04-22 11:24:32,ADGE_INTEGRATION_SVC_FIN
300000357494877,01-2026,300000494589010,422511 - Advertising Services (General),3296222,2026,2026-04-22 11:24:32,ADGE_INTEGRATION_SVC_FIN
300000357494877,01-2026,300000494589014,424221 - Events - Production costs,6382997,2026,2026-04-22 11:24:32,ADGE_INTEGRATION_SVC_FIN
300000357494877,01-2026,300000494589024,421125 - Professional Operational Service  expenses,500000,2026,2026-04-22 11:24:32,ADGE_INTEGRATION_SVC_FIN
300000357494877,01-2026,300000494589035,"422401 - Conferences, seminars, exhib ,events: -deactivate",5354916,2026,2026-04-22 11:24:32,ADGE_INTEGRATION_SVC_FIN
300000357494895,01-2026,100001475717959,"422401 - Conferences, seminars, exhib ,events: -deactivate",11611000,2026,2026-08-07 07:55:35,ADGE_INTEGRATION_SVC_FIN
300000357494912,01-2026,100001475717977,461412 - Support to AD tourism development program,52138.1,2026,2026-06-12 06:58:13,ADGE_INTEGRATION_SVC_FIN
300000357494912,01-2026,100001475717979,423821 - Business Travel - Per Diem Allowances,258808,2026,2026-06-12 06:58:13,ADGE_INTEGRATION_SVC_FIN
300000357494912,01-2026,100001475717980,"422401 - Conferences, seminars, exhib ,events: -deactivate",802629,2026,2026-06-12 06:58:13,ADGE_INTEGRATION_SVC_FIN
300000357494912,01-2026,300000539324701,424251 - Tourism Promotion (include site improvements),'-42339,2026,2026-06-12 06:58:13,ADGE_INTEGRATION_SVC_FIN
300000357494912,02-2026,100001475717977,461412 - Support to AD tourism development program,10000,2026,2026-06-12 06:58:13,ADGE_INTEGRATION_SVC_FIN
300000357494912,03-2026,300000539324701,424251 - Tourism Promotion (include site improvements),355000,2026,2026-06-12 06:58:13,ADGE_INTEGRATION_SVC_FIN
300000357494929,01-2026,100001475718011,421125 - Professional Operational Service  expenses,3304800,2026,2026-08-10 04:00:58,ADGE_INTEGRATION_SVC_FIN
300000357494929,01-2026,100001475718013,424251 - Tourism Promotion (include site improvements),2995000,2026,2026-08-10 04:00:58,ADGE_INTEGRATION_SVC_FIN
300000357494929,01-2026,300000480680699,421125 - Professional Operational Service  expenses,1170000,2026,2026-08-10 04:00:58,ADGE_INTEGRATION_SVC_FIN
300000357494929,01-2026,300000485744051,421125 - Professional Operational Service  expenses,1001250,2026,2026-08-10 04:00:58,ADGE_INTEGRATION_SVC_FIN
300000357494965,01-2026,300000478417103,"426427 - Maintenance & repair-Exhibition Stands, etc",3600,2026,2026-02-05 13:53:38,ADGE_INTEGRATION_SVC_FIN
300000357494965,01-2026,300000478417107,426212 - Bldg maintenance-Business premises,28200,2026,2026-02-05 13:53:38,ADGE_INTEGRATION_SVC_FIN
300000357494965,01-2026,300000478417111,424761 - Entertainment and hospitality,50000,2026,2026-02-05 13:53:38,ADGE_INTEGRATION_SVC_FIN
300000357494965,01-2026,300000478417115,422311 - Cleaning Services: Business premises,84000,2026,2026-02-05 13:53:38,ADGE_INTEGRATION_SVC_FIN
300000357494965,01-2026,300000478417119,424551 - Security service  expenses,102000,2026,2026-02-05 13:53:38,ADGE_INTEGRATION_SVC_FIN
300000357494982,01-2026,100001796730522,"426427 - Maintenance & repair-Exhibition Stands, etc",14000,2026,2026-02-17 05:05:56,ADGE_INTEGRATION_SVC_FIN
300000357494982,01-2026,100001796730523,422311 - Cleaning Services: Business premises,95000,2026,2026-02-17 05:05:56,ADGE_INTEGRATION_SVC_FIN
300000357494982,01-2026,100001796730524,424761 - Entertainment and hospitality,38400,2026,2026-02-17 05:05:56,ADGE_INTEGRATION_SVC_FIN
300000357494982,01-2026,100001796730526,426212 - Bldg maintenance-Business premises,100800,2026,2026-02-17 05:05:56,ADGE_INTEGRATION_SVC_FIN
300000357494982,01-2026,300000503094072,491711 - Furniture & Fixtures - Offices - Capital Expenditure,47500,2026,2026-02-17 05:05:56,ADGE_INTEGRATION_SVC_FIN
300000357494999,01-2026,100001475718174,"422401 - Conferences, seminars, exhib ,events: -deactivate",150000,2026,2026-02-19 07:12:13,ADGE_INTEGRATION_SVC_FIN
300000357494999,01-2026,100001475718176,"426427 - Maintenance & repair-Exhibition Stands, etc",34377,2026,2026-02-19 07:12:13,ADGE_INTEGRATION_SVC_FIN
300000357494999,01-2026,100001475718180,422311 - Cleaning Services: Business premises,73106,2026,2026-02-19 07:12:13,ADGE_INTEGRATION_SVC_FIN
300000357494999,01-2026,100001475718183,424761 - Entertainment and hospitality,43257,2026,2026-02-19 07:12:13,ADGE_INTEGRATION_SVC_FIN
300000357494999,01-2026,100001475718184,432614 - Landscaping and other horticulturematerials,70247,2026,2026-02-19 07:12:13,ADGE_INTEGRATION_SVC_FIN
300000357494999,01-2026,100001475718187,426212 - Bldg maintenance-Business premises,95142,2026,2026-02-19 07:12:13,ADGE_INTEGRATION_SVC_FIN
300000357494999,01-2026,100001475718189,"424521 - Manpower supply ""Other Than IT Related""",601241,2026,2026-02-19 07:12:13,ADGE_INTEGRATION_SVC_FIN
300000357494999,01-2026,100001475718191,424551 - Security service  expenses,121456,2026,2026-02-19 07:12:13,ADGE_INTEGRATION_SVC_FIN
300000357494999,01-2026,100001475718195,423931 - Consumption charges-Water & Electricity combined,105000,2026,2026-02-19 07:12:13,ADGE_INTEGRATION_SVC_FIN
300000357495016,01-2026,100001796731126,422311 - Cleaning Services: Business premises,43000,2026,2026-06-09 09:51:56,ADGE_INTEGRATION_SVC_FIN
300000357495016,01-2026,100001796731127,"425112 - Rental - Buildings, other than staff residences",110250,2026,2026-06-09 09:51:56,ADGE_INTEGRATION_SVC_FIN
300000357495016,01-2026,300000530525610,"426427 - Maintenance & repair-Exhibition Stands, etc",62230,2026,2026-06-09 09:51:56,ADGE_INTEGRATION_SVC_FIN
300000357495033,01-2026,100001475718307,"422401 - Conferences, seminars, exhib ,events: -deactivate",1329500,2026,2026-02-19 07:10:58,ADGE_INTEGRATION_SVC_FIN
300000357495033,01-2026,100001475718309,"426427 - Maintenance & repair-Exhibition Stands, etc",162080.6,2026,2026-02-19 07:10:58,ADGE_INTEGRATION_SVC_FIN
300000357495033,01-2026,100001475718315,422311 - Cleaning Services: Business premises,273644.6,2026,2026-02-19 07:10:58,ADGE_INTEGRATION_SVC_FIN
300000357495033,01-2026,100001475718320,424761 - Entertainment and hospitality,53265,2026,2026-02-19 07:10:58,ADGE_INTEGRATION_SVC_FIN
300000357495033,01-2026,100001475718324,432614 - Landscaping and other horticulturematerials,104515.58,2026,2026-02-19 07:10:58,ADGE_INTEGRATION_SVC_FIN
300000357495033,01-2026,100001475718327,426212 - Bldg maintenance-Business premises,274061.84,2026,2026-02-19 07:10:58,ADGE_INTEGRATION_SVC_FIN
300000357495033,01-2026,100001475718329,"424521 - Manpower supply ""Other Than IT Related""",895067.4,2026,2026-02-19 07:10:58,ADGE_INTEGRATION_SVC_FIN
300000357495033,01-2026,100001475718330,422321 - Cleaning and Pest control Services-Public,50968,2026,2026-02-19 07:10:58,ADGE_INTEGRATION_SVC_FIN
300000357495033,01-2026,100001475718333,424551 - Security service  expenses,199604.7,2026,2026-02-19 07:10:58,ADGE_INTEGRATION_SVC_FIN
300000357495033,01-2026,100001475718337,423931 - Consumption charges-Water & Electricity combined,267994.6,2026,2026-02-19 07:10:58,ADGE_INTEGRATION_SVC_FIN
300000357495033,01-2026,100001475718338,424591 - Waste management service,5544.9,2026,2026-02-19 07:10:58,ADGE_INTEGRATION_SVC_FIN
300000357495033,01-2026,300000488192167,426212 - Bldg maintenance-Business premises,172514.7,2026,2026-02-19 07:10:58,ADGE_INTEGRATION_SVC_FIN
300000357495050,01-2026,100001475718458,424551 - Security service  expenses,831600,2026,2026-01-22 08:11:13,ADGE_INTEGRATION_SVC_FIN
300000357495050,01-2026,100001475718462,423931 - Consumption charges-Water & Electricity combined,6387,2026,2026-01-22 08:11:13,ADGE_INTEGRATION_SVC_FIN
300000357495067,01-2026,100001796731820,424761 - Entertainment and hospitality,87600,2026,2026-03-30 07:58:59,ADGE_INTEGRATION_SVC_FIN
300000357495067,01-2026,100001796731821,426212 - Bldg maintenance-Business premises,36000,2026,2026-03-30 07:58:59,ADGE_INTEGRATION_SVC_FIN
300000357495067,01-2026,100001796731822,424551 - Security service  expenses,224500,2026,2026-03-30 07:58:59,ADGE_INTEGRATION_SVC_FIN
300000357495067,01-2026,300000503094124,422311 - Cleaning Services: Business premises,159000,2026,2026-03-30 07:58:59,ADGE_INTEGRATION_SVC_FIN
300000357495084,01-2026,300000478024699,"426427 - Maintenance & repair-Exhibition Stands, etc",12000,2026,2026-03-30 08:00:32,ADGE_INTEGRATION_SVC_FIN
300000357495084,01-2026,300000478024703,426212 - Bldg maintenance-Business premises,36000,2026,2026-03-30 08:00:32,ADGE_INTEGRATION_SVC_FIN
300000357495084,01-2026,300000478024707,424761 - Entertainment and hospitality,37300,2026,2026-03-30 08:00:32,ADGE_INTEGRATION_SVC_FIN
300000357495084,01-2026,300000478024711,422311 - Cleaning Services: Business premises,44000,2026,2026-03-30 08:00:32,ADGE_INTEGRATION_SVC_FIN
300000357495084,01-2026,300000478024715,"425112 - Rental - Buildings, other than staff residences",61560.9,2026,2026-03-30 08:00:32,ADGE_INTEGRATION_SVC_FIN
300000357495084,01-2026,300000478024719,424551 - Security service  expenses,89640,2026,2026-03-30 08:00:32,ADGE_INTEGRATION_SVC_FIN
300000357495101,01-2026,100001796731928,422311 - Cleaning Services: Business premises,140400,2026,2026-03-30 07:57:45,ADGE_INTEGRATION_SVC_FIN
300000357495101,01-2026,100001796731929,"425112 - Rental - Buildings, other than staff residences",296167,2026,2026-03-30 07:57:45,ADGE_INTEGRATION_SVC_FIN
300000357495101,01-2026,100001796731930,424761 - Entertainment and hospitality,51600,2026,2026-03-30 07:57:45,ADGE_INTEGRATION_SVC_FIN
300000357495101,01-2026,100001796731932,426212 - Bldg maintenance-Business premises,60000,2026,2026-03-30 07:57:45,ADGE_INTEGRATION_SVC_FIN
300000357495101,01-2026,100001796731933,424551 - Security service  expenses,221928,2026,2026-03-30 07:57:45,ADGE_INTEGRATION_SVC_FIN
300000357495101,01-2026,300000478024728,491711 - Furniture & Fixtures - Offices - Capital Expenditure,142500,2026,2026-03-30 07:57:45,ADGE_INTEGRATION_SVC_FIN
300000357495101,01-2026,300000478024732,"426427 - Maintenance & repair-Exhibition Stands, etc",13800,2026,2026-03-30 07:57:45,ADGE_INTEGRATION_SVC_FIN
300000357495118,01-2026,100001796731982,"426427 - Maintenance & repair-Exhibition Stands, etc",8589,2026,2026-02-26 18:11:45,ADGE_INTEGRATION_SVC_FIN
300000357495118,01-2026,100001796731984,426212 - Bldg maintenance-Business premises,18668,2026,2026-02-26 18:11:45,ADGE_INTEGRATION_SVC_FIN
300000357495118,01-2026,100001796731985,424551 - Security service  expenses,59500,2026,2026-02-26 18:11:45,ADGE_INTEGRATION_SVC_FIN
300000357495118,01-2026,300000503728873,422311 - Cleaning Services: Business premises,16600,2026,2026-02-26 18:11:45,ADGE_INTEGRATION_SVC_FIN
300000357495135,01-2026,100001796732028,422311 - Cleaning Services: Business premises,60000,2026,2026-02-17 06:42:19,ADGE_INTEGRATION_SVC_FIN
300000357495135,01-2026,100001796732029,424551 - Security service  expenses,102000,2026,2026-02-17 06:42:19,ADGE_INTEGRATION_SVC_FIN
300000357495152,01-2026,100001796732097,424761 - Entertainment and hospitality,102000,2026,2026-01-27 10:28:20,ADGE_INTEGRATION_SVC_FIN
300000357495169,01-2026,100001796732114,"426427 - Maintenance & repair-Exhibition Stands, etc",7460,2026,2026-03-30 07:54:00,ADGE_INTEGRATION_SVC_FIN
300000357495169,01-2026,100001796732115,422311 - Cleaning Services: Business premises,73200,2026,2026-03-30 07:54:00,ADGE_INTEGRATION_SVC_FIN
300000357495169,01-2026,100001796732116,424761 - Entertainment and hospitality,46200,2026,2026-03-30 07:54:00,ADGE_INTEGRATION_SVC_FIN
300000357495169,01-2026,100001796732118,426212 - Bldg maintenance-Business premises,63600,2026,2026-03-30 07:54:00,ADGE_INTEGRATION_SVC_FIN
300000357495169,01-2026,100001796732119,424551 - Security service  expenses,108144,2026,2026-03-30 07:54:00,ADGE_INTEGRATION_SVC_FIN
300000357495186,01-2026,100001475718988,"426427 - Maintenance & repair-Exhibition Stands, etc",40931,2026,2026-02-19 07:08:27,ADGE_INTEGRATION_SVC_FIN
300000357495186,01-2026,100001475718992,422311 - Cleaning Services: Business premises,78597,2026,2026-02-19 07:08:27,ADGE_INTEGRATION_SVC_FIN
300000357495186,01-2026,100001475718993,426212 - Bldg maintenance-Business premises,81402,2026,2026-02-19 07:08:27,ADGE_INTEGRATION_SVC_FIN
300000357495186,01-2026,100001475718994,432614 - Landscaping and other horticulturematerials,10559,2026,2026-02-19 07:08:27,ADGE_INTEGRATION_SVC_FIN
300000357495186,01-2026,100001475718997,422321 - Cleaning and Pest control Services-Public,17944,2026,2026-02-19 07:08:27,ADGE_INTEGRATION_SVC_FIN
300000357495186,01-2026,100001475718998,424551 - Security service  expenses,124739,2026,2026-02-19 07:08:27,ADGE_INTEGRATION_SVC_FIN
300000357495186,01-2026,100001475719001,423931 - Consumption charges-Water & Electricity combined,140003,2026,2026-02-19 07:08:27,ADGE_INTEGRATION_SVC_FIN
300000357495203,01-2026,300000504635574,425203 - Rental - Motor vehicles,5235223,2026,2026-08-03 10:52:58,ADGE_INTEGRATION_SVC_FIN
300000357495220,01-2026,100001796732574,"426427 - Maintenance & repair-Exhibition Stands, etc",10500,2026,2026-02-11 11:57:43,ADGE_INTEGRATION_SVC_FIN
300000357495220,01-2026,100001796732575,422311 - Cleaning Services: Business premises,82500,2026,2026-02-11 11:57:43,ADGE_INTEGRATION_SVC_FIN
300000357495220,01-2026,100001796732576,424761 - Entertainment and hospitality,55500,2026,2026-02-11 11:57:43,ADGE_INTEGRATION_SVC_FIN
300000357495220,01-2026,100001796732577,426212 - Bldg maintenance-Business premises,10000,2026,2026-02-11 11:57:43,ADGE_INTEGRATION_SVC_FIN
300000357495220,01-2026,100001796732578,424551 - Security service  expenses,102000,2026,2026-02-11 11:57:43,ADGE_INTEGRATION_SVC_FIN
300000357495237,01-2026,100001475719149,421125 - Professional Operational Service  expenses,184057,2026,2026-08-10 06:33:15,ADGE_INTEGRATION_SVC_FIN
300000357495237,01-2026,100001475719154,421125 - Professional Operational Service  expenses,198000,2026,2026-08-10 06:33:15,ADGE_INTEGRATION_SVC_FIN
300000357495237,01-2026,100001475719155,437111 - Banking service charges,423262,2026,2026-08-10 06:33:15,ADGE_INTEGRATION_SVC_FIN
300000357495237,01-2026,100001475719160,"424521 - Manpower supply ""Other Than IT Related""",346129,2026,2026-08-10 06:33:15,ADGE_INTEGRATION_SVC_FIN
300000357495237,01-2026,100001475719163,422749 - Insurance - Other,13371044,2026,2026-08-10 06:33:15,ADGE_INTEGRATION_SVC_FIN
300000357495237,01-2026,100001475719166,423821 - Business Travel - Per Diem Allowances,64000,2026,2026-08-10 06:33:15,ADGE_INTEGRATION_SVC_FIN
300000357495237,01-2026,300000530677365,"424521 - Manpower supply ""Other Than IT Related""",2606623,2026,2026-08-10 06:33:15,ADGE_INTEGRATION_SVC_FIN
300000357495237,01-2026,300000776028626,"424521 - Manpower supply ""Other Than IT Related""",100000,2026,2026-08-10 06:33:15,ADGE_INTEGRATION_SVC_FIN
300000357495237,01-2026,300000792773550,431812 - Stationery supplies,70000,2026,2026-08-10 06:33:15,ADGE_INTEGRATION_SVC_FIN
300000357495254,01-2026,300000476875569,423821 - Business Travel - Per Diem Allowances,90000,2026,2026-06-17 09:36:03,ADGE_INTEGRATION_SVC_FIN
300000357495254,01-2026,300000478417095,"424521 - Manpower supply ""Other Than IT Related""",1762620,2026,2026-06-17 09:36:03,ADGE_INTEGRATION_SVC_FIN
300000357495254,01-2026,300000478417099,"431614 - Fuel, oil and lubricants: Motor vehicles",1415432,2026,2026-06-17 09:36:03,ADGE_INTEGRATION_SVC_FIN
300000357495254,01-2026,300000497646313,424761 - Entertainment and hospitality,485000,2026,2026-06-17 09:36:03,ADGE_INTEGRATION_SVC_FIN
300000357495271,01-2026,100001475719350,422212 - IT Systems - Support expenses-Application/Systems Operation,2901371,2026,2026-02-26 19:08:20,ADGE_INTEGRATION_SVC_FIN
300000357495271,01-2026,100001475719355,422213 - IT Systems - Support expenses-Security Services Operation,200000,2026,2026-02-26 19:08:20,ADGE_INTEGRATION_SVC_FIN
300000357495271,01-2026,100001475719358,425252 - Rental - Computer SW-Rental/Subscription - Computer SW,823989,2026,2026-02-26 19:08:20,ADGE_INTEGRATION_SVC_FIN
300000357495271,01-2026,300000533605432,422212 - IT Systems - Support expenses-Application/Systems Operation,1932792,2026,2026-02-26 19:08:20,ADGE_INTEGRATION_SVC_FIN
300000357495288,01-2026,100001475719418,413710 - Tuition fees Non IT Related,7134010,2026,2026-07-22 06:44:43,ADGE_INTEGRATION_SVC_FIN
300000357495305,01-2026,100001475719444,"424521 - Manpower supply ""Other Than IT Related""",154000,2026,2026-07-15 10:40:08,ADGE_INTEGRATION_SVC_FIN
300000357495305,01-2026,100001475719447,423821 - Business Travel - Per Diem Allowances,146700,2026,2026-07-15 10:40:08,ADGE_INTEGRATION_SVC_FIN
300000357495305,01-2026,300000530677430,"424521 - Manpower supply ""Other Than IT Related""",2396385,2026,2026-07-15 10:40:08,ADGE_INTEGRATION_SVC_FIN
300000357495322,01-2026,100001475719482,"421191 - Other specialised professional services, not elsewhere",3470000,2026,2026-07-10 07:06:57,ADGE_INTEGRATION_SVC_FIN
300000357495322,01-2026,300000530525852,424561 - Standards Certification Services. e.g. ISO,459950,2026,2026-07-10 07:06:57,ADGE_INTEGRATION_SVC_FIN
300000357495356,01-2026,100001796732742,422311 - Cleaning Services: Business premises,770000,2026,2026-05-18 13:50:46,ADGE_INTEGRATION_SVC_FIN
300000357495356,01-2026,100001796732743,423931 - Consumption charges-Water & Electricity combined,428920,2026,2026-05-18 13:50:46,ADGE_INTEGRATION_SVC_FIN
300000357495356,01-2026,100001796732744,426212 - Bldg maintenance-Business premises,250000,2026,2026-05-18 13:50:46,ADGE_INTEGRATION_SVC_FIN
300000357495356,01-2026,100001796732745,"425112 - Rental - Buildings, other than staff residences",22380686,2026,2026-05-18 13:50:46,ADGE_INTEGRATION_SVC_FIN
300000357495356,01-2026,100001796732746,424761 - Entertainment and hospitality,842400,2026,2026-05-18 13:50:46,ADGE_INTEGRATION_SVC_FIN
300000357495356,01-2026,100001796732748,426212 - Bldg maintenance-Business premises,471983,2026,2026-05-18 13:50:46,ADGE_INTEGRATION_SVC_FIN
300000357495356,01-2026,100001796732749,"424991 - Other services, not specifically mentioned elsewhere",54755,2026,2026-05-18 13:50:46,ADGE_INTEGRATION_SVC_FIN
300000357495356,01-2026,100001796732750,431316 - Catering supplies,830000,2026,2026-05-18 13:50:46,ADGE_INTEGRATION_SVC_FIN
300000357495356,01-2026,100001796732751,"425112 - Rental - Buildings, other than staff residences",1144800,2026,2026-05-18 13:50:46,ADGE_INTEGRATION_SVC_FIN
300000357495356,01-2026,100001796732752,424551 - Security service  expenses,534000,2026,2026-05-18 13:50:46,ADGE_INTEGRATION_SVC_FIN
300000357495356,01-2026,300000504635608,491711 - Furniture & Fixtures - Offices - Capital Expenditure,333000,2026,2026-05-18 13:50:46,ADGE_INTEGRATION_SVC_FIN
300000357495356,01-2026,300000504960635,"426427 - Maintenance & repair-Exhibition Stands, etc",350000,2026,2026-05-18 13:50:46,ADGE_INTEGRATION_SVC_FIN
300000357495356,01-2026,300000533605428,"424521 - Manpower supply ""Other Than IT Related""",526800,2026,2026-05-18 13:50:46,ADGE_INTEGRATION_SVC_FIN
300000357495373,01-2026,100001796732899,422311 - Cleaning Services: Business premises,95000,2026,2026-02-17 08:17:15,ADGE_INTEGRATION_SVC_FIN
300000357495373,01-2026,100001796732900,426212 - Bldg maintenance-Business premises,1760000,2026,2026-02-17 08:17:15,ADGE_INTEGRATION_SVC_FIN
300000357495373,01-2026,100001796732901,"425112 - Rental - Buildings, other than staff residences",2021090,2026,2026-02-17 08:17:15,ADGE_INTEGRATION_SVC_FIN
300000357495373,01-2026,100001796732902,424761 - Entertainment and hospitality,129600,2026,2026-02-17 08:17:15,ADGE_INTEGRATION_SVC_FIN
300000357495373,01-2026,100001796732903,424551 - Security service  expenses,99600,2026,2026-02-17 08:17:15,ADGE_INTEGRATION_SVC_FIN
300000357495390,01-2026,100001475719706,"426427 - Maintenance & repair-Exhibition Stands, etc",379667,2026,2026-02-17 05:03:43,ADGE_INTEGRATION_SVC_FIN
300000357495390,01-2026,100001475719709,422311 - Cleaning Services: Business premises,250766,2026,2026-02-17 05:03:43,ADGE_INTEGRATION_SVC_FIN
300000357495390,01-2026,100001475719710,424761 - Entertainment and hospitality,88576,2026,2026-02-17 05:03:43,ADGE_INTEGRATION_SVC_FIN
300000357495390,01-2026,100001475719713,432614 - Landscaping and other horticulturematerials,197998,2026,2026-02-17 05:03:43,ADGE_INTEGRATION_SVC_FIN
300000357495390,01-2026,100001475719714,490600 - Leaseholds - Other Infrastructure assets,500000,2026,2026-02-17 05:03:43,ADGE_INTEGRATION_SVC_FIN
300000357495390,01-2026,100001475719716,426212 - Bldg maintenance-Business premises,505202,2026,2026-02-17 05:03:43,ADGE_INTEGRATION_SVC_FIN
300000357495390,01-2026,100001475719719,424551 - Security service  expenses,526607,2026,2026-02-17 05:03:43,ADGE_INTEGRATION_SVC_FIN
300000357495390,01-2026,100001475719720,423931 - Consumption charges-Water & Electricity combined,246655,2026,2026-02-17 05:03:43,ADGE_INTEGRATION_SVC_FIN
300000357495407,01-2026,100001796733099,"426427 - Maintenance & repair-Exhibition Stands, etc",9240,2026,2026-02-17 08:16:16,ADGE_INTEGRATION_SVC_FIN
300000357495407,01-2026,100001796733100,422311 - Cleaning Services: Business premises,92500,2026,2026-02-17 08:16:16,ADGE_INTEGRATION_SVC_FIN
300000357495407,01-2026,100001796733101,"425112 - Rental - Buildings, other than staff residences",790080,2026,2026-02-17 08:16:16,ADGE_INTEGRATION_SVC_FIN
300000357495407,01-2026,100001796733102,426212 - Bldg maintenance-Business premises,67200,2026,2026-02-17 08:16:16,ADGE_INTEGRATION_SVC_FIN
300000357495407,01-2026,100001796733103,424551 - Security service  expenses,108144,2026,2026-02-17 08:16:16,ADGE_INTEGRATION_SVC_FIN
300000357495424,01-2026,100001475719974,"426427 - Maintenance & repair-Exhibition Stands, etc",46200,2026,2026-02-03 09:01:48,ADGE_INTEGRATION_SVC_FIN
300000357495424,01-2026,100001475719976,422311 - Cleaning Services: Business premises,273372,2026,2026-02-03 09:01:48,ADGE_INTEGRATION_SVC_FIN
300000357495424,01-2026,100001475719978,423931 - Consumption charges-Water & Electricity combined,630000,2026,2026-02-03 09:01:48,ADGE_INTEGRATION_SVC_FIN
300000357495424,01-2026,100001475719983,426212 - Bldg maintenance-Business premises,870350,2026,2026-02-03 09:01:48,ADGE_INTEGRATION_SVC_FIN
300000357495424,01-2026,100001475719986,422321 - Cleaning and Pest control Services-Public,7920,2026,2026-02-03 09:01:48,ADGE_INTEGRATION_SVC_FIN
300000357495424,01-2026,100001475719988,424551 - Security service  expenses,125400,2026,2026-02-03 09:01:48,ADGE_INTEGRATION_SVC_FIN
300000357495424,01-2026,100001475719992,423931 - Consumption charges-Water & Electricity combined,218373,2026,2026-02-03 09:01:48,ADGE_INTEGRATION_SVC_FIN
300000357495441,01-2026,100001796733153,"426427 - Maintenance & repair-Exhibition Stands, etc",100000,2026,2026-02-27 11:14:13,ADGE_INTEGRATION_SVC_FIN
300000357495441,01-2026,100001796733155,424761 - Entertainment and hospitality,130000,2026,2026-02-27 11:14:13,ADGE_INTEGRATION_SVC_FIN
300000357495441,01-2026,100001796733157,432614 - Landscaping and other horticulturematerials,110000,2026,2026-02-27 11:14:13,ADGE_INTEGRATION_SVC_FIN
300000357495441,01-2026,100001796733158,426212 - Bldg maintenance-Business premises,300000,2026,2026-02-27 11:14:13,ADGE_INTEGRATION_SVC_FIN
300000357495441,01-2026,100001796733159,424551 - Security service  expenses,386544,2026,2026-02-27 11:14:13,ADGE_INTEGRATION_SVC_FIN
300000357495441,01-2026,300000503728877,422311 - Cleaning Services: Business premises,360000,2026,2026-02-27 11:14:13,ADGE_INTEGRATION_SVC_FIN
300000357495441,01-2026,300000504635620,491711 - Furniture & Fixtures - Offices - Capital Expenditure,856000,2026,2026-02-27 11:14:13,ADGE_INTEGRATION_SVC_FIN
300000357495458,01-2026,100001475720165,421125 - Professional Operational Service  expenses,126249,2026,2026-07-06 06:40:54,ADGE_INTEGRATION_SVC_FIN
300000357495458,01-2026,100001475720171,423821 - Business Travel - Per Diem Allowances,300000,2026,2026-07-06 06:40:54,ADGE_INTEGRATION_SVC_FIN
300000357495458,01-2026,100001475720175,421123 - Strategic planning consultancy  expenses,2560464,2026,2026-07-06 06:40:54,ADGE_INTEGRATION_SVC_FIN
300000357495475,01-2026,300000516200110,413610 - Recruitment expenses,2343085,2026,2026-07-03 11:31:13,ADGE_INTEGRATION_SVC_FIN
300000357495494,01-2026,100001475720258,421125 - Professional Operational Service  expenses,148097,2026,2026-02-22 12:20:58,ADGE_INTEGRATION_SVC_FIN
300000357495494,01-2026,100001475720264,"424521 - Manpower supply ""Other Than IT Related""",1357290,2026,2026-02-22 12:20:58,ADGE_INTEGRATION_SVC_FIN
300000357495494,01-2026,100001475720273,423821 - Business Travel - Per Diem Allowances,65000,2026,2026-02-22 12:20:58,ADGE_INTEGRATION_SVC_FIN
300000357495511,01-2026,100001475720360,421125 - Professional Operational Service  expenses,294197,2026,2026-07-14 09:53:38,ADGE_INTEGRATION_SVC_FIN
300000357495528,01-2026,100001475720415,421125 - Professional Operational Service  expenses,52303,2026,2026-05-15 06:32:22,ADGE_INTEGRATION_SVC_FIN
300000357495528,01-2026,100001475720416,421126 - Project Management Serv,5453230,2026,2026-05-15 06:32:22,ADGE_INTEGRATION_SVC_FIN
300000357495528,01-2026,100001475720420,424131 - License Fee support - Related business,10534,2026,2026-05-15 06:32:22,ADGE_INTEGRATION_SVC_FIN
300000357495528,01-2026,100001475720426,423821 - Business Travel - Per Diem Allowances,1002437,2026,2026-05-15 06:32:22,ADGE_INTEGRATION_SVC_FIN
300000357495562,01-2026,300000808936167,462611 - Cultural Religious,5500000,2026,2026-04-16 06:18:44,ADGE_INTEGRATION_SVC_FIN
300000357495598,01-2026,300000491465526,"424521 - Manpower supply ""Other Than IT Related""",216000,2026,2026-05-18 06:07:10,ADGE_INTEGRATION_SVC_FIN
300000357495598,01-2026,300000491465530,423821 - Business Travel - Per Diem Allowances,675000,2026,2026-05-18 06:07:10,ADGE_INTEGRATION_SVC_FIN
300000357495598,01-2026,300000491465535,"422401 - Conferences, seminars, exhib ,events: -deactivate",1951236,2026,2026-05-18 06:07:10,ADGE_INTEGRATION_SVC_FIN
300000357495668,01-2026,100001475720638,423821 - Business Travel - Per Diem Allowances,325806,2026,2026-01-22 08:01:29,ADGE_INTEGRATION_SVC_FIN
300000357495685,01-2026,100001475720660,"424521 - Manpower supply ""Other Than IT Related""",680000,2026,2026-07-07 09:01:13,ADGE_INTEGRATION_SVC_FIN
300000357495685,01-2026,100001475720661,424761 - Entertainment and hospitality,46995,2026,2026-07-07 09:01:13,ADGE_INTEGRATION_SVC_FIN
300000357495685,01-2026,300002202082145,"424521 - Manpower supply ""Other Than IT Related""",3400000,2026,2026-07-07 09:01:13,ADGE_INTEGRATION_SVC_FIN
300000357495703,01-2026,100001475720702,425252 - Rental - Computer SW-Rental/Subscription - Computer SW,1128091,2026,2026-08-05 11:03:21,ADGE_INTEGRATION_SVC_FIN
300000357495703,01-2026,100001475720707,"493140 - Computer software-Application, Platform - Capital Expenditure",2113000,2026,2026-08-05 11:03:21,ADGE_INTEGRATION_SVC_FIN
300000357495703,01-2026,300000682374682,422212 - IT Systems - Support expenses-Application/Systems Operation,1938045,2026,2026-08-05 11:03:21,ADGE_INTEGRATION_SVC_FIN
300000357495720,01-2026,300000491465545,424781 - Public relations expenses,993600,2026,2026-02-17 05:00:49,ADGE_INTEGRATION_SVC_FIN
300000357495755,01-2026,100001475720859,422511 - Advertising Services (General),369561,2026,2026-05-20 10:54:59,ADGE_INTEGRATION_SVC_FIN
300000357495755,01-2026,300000521009550,"424521 - Manpower supply ""Other Than IT Related""",391000,2026,2026-05-20 10:54:59,ADGE_INTEGRATION_SVC_FIN
300000357495755,01-2026,300000533544998,422511 - Advertising Services (General),200000,2026,2026-05-20 10:54:59,ADGE_INTEGRATION_SVC_FIN
300000357495755,01-2026,300000539085664,"422401 - Conferences, seminars, exhib ,events: -deactivate",3284000,2026,2026-05-20 10:54:59,ADGE_INTEGRATION_SVC_FIN
300000357495772,01-2026,100001475720981,"422401 - Conferences, seminars, exhib ,events: -deactivate",270000,2026,2026-02-18 10:13:55,ADGE_INTEGRATION_SVC_FIN
300000357495772,01-2026,300000521009534,"424521 - Manpower supply ""Other Than IT Related""",250000,2026,2026-02-18 10:13:55,ADGE_INTEGRATION_SVC_FIN
300000357495789,01-2026,100001475721014,"422401 - Conferences, seminars, exhib ,events: -deactivate",2259500,2026,2026-07-27 07:23:32,ADGE_INTEGRATION_SVC_FIN
300000357495789,01-2026,100001475721018,431113 - Library books supplies,700000,2026,2026-07-27 07:23:32,ADGE_INTEGRATION_SVC_FIN
300000357495789,01-2026,100001475721028,"424521 - Manpower supply ""Other Than IT Related""",2821554,2026,2026-07-27 07:23:32,ADGE_INTEGRATION_SVC_FIN
300000357495789,01-2026,300000521152108,"424521 - Manpower supply ""Other Than IT Related""",22500,2026,2026-07-27 07:23:32,ADGE_INTEGRATION_SVC_FIN
300000357495806,01-2026,100001475721104,"422401 - Conferences, seminars, exhib ,events: -deactivate",3920578,2026,2026-07-30 11:46:16,ADGE_INTEGRATION_SVC_FIN
300000357495806,01-2026,100001475721109,"424521 - Manpower supply ""Other Than IT Related""",166000.05,2026,2026-07-30 11:46:16,ADGE_INTEGRATION_SVC_FIN
300000357495806,01-2026,300000521009517,"424521 - Manpower supply ""Other Than IT Related""",234000,2026,2026-07-30 11:46:16,ADGE_INTEGRATION_SVC_FIN
300000357495891,01-2026,100001475721327,"422401 - Conferences, seminars, exhib ,events: -deactivate",970500,2026,2026-02-22 11:06:37,ADGE_INTEGRATION_SVC_FIN
300000357495891,01-2026,100001475721330,"422401 - Conferences, seminars, exhib ,events: -deactivate",135000,2026,2026-02-22 11:06:37,ADGE_INTEGRATION_SVC_FIN
300000357495891,01-2026,100001475721333,"424521 - Manpower supply ""Other Than IT Related""",1474116,2026,2026-02-22 11:06:37,ADGE_INTEGRATION_SVC_FIN
300000357495891,01-2026,300000488192103,421125 - Professional Operational Service  expenses,237950,2026,2026-02-22 11:06:37,ADGE_INTEGRATION_SVC_FIN
300000357495908,01-2026,300000488192144,421125 - Professional Operational Service  expenses,8681600,2026,2026-04-20 06:52:51,ADGE_INTEGRATION_SVC_FIN
300000357495908,01-2026,300000805438605,"424521 - Manpower supply ""Other Than IT Related""",120000,2026,2026-04-20 06:52:51,ADGE_INTEGRATION_SVC_FIN
300000357495925,01-2026,100001475721414,"426427 - Maintenance & repair-Exhibition Stands, etc",5940,2026,2026-03-10 11:33:04,ADGE_INTEGRATION_SVC_FIN
300000357495925,01-2026,100001475721417,422311 - Cleaning Services: Business premises,91576.1,2026,2026-03-10 11:33:04,ADGE_INTEGRATION_SVC_FIN
300000357495925,01-2026,100001475721419,"425112 - Rental - Buildings, other than staff residences",833490,2026,2026-03-10 11:33:04,ADGE_INTEGRATION_SVC_FIN
300000357495925,01-2026,100001475721421,424761 - Entertainment and hospitality,35938.2,2026,2026-03-10 11:33:04,ADGE_INTEGRATION_SVC_FIN
300000357495925,01-2026,100001475721423,432614 - Landscaping and other horticulturematerials,11976.48,2026,2026-03-10 11:33:04,ADGE_INTEGRATION_SVC_FIN
300000357495925,01-2026,100001475721424,426212 - Bldg maintenance-Business premises,103550.66,2026,2026-03-10 11:33:04,ADGE_INTEGRATION_SVC_FIN
300000357495925,01-2026,100001475721426,424551 - Security service  expenses,112860,2026,2026-03-10 11:33:04,ADGE_INTEGRATION_SVC_FIN
300000357495959,01-2026,100001475721509,432626 - Music Band related items,150000,2026,2026-08-06 08:22:02,ADGE_INTEGRATION_SVC_FIN
300000357495959,01-2026,100001475721511,"422401 - Conferences, seminars, exhib ,events: -deactivate",1500000,2026,2026-08-06 08:22:02,ADGE_INTEGRATION_SVC_FIN
300000357495959,01-2026,100001475721513,"424521 - Manpower supply ""Other Than IT Related""",2560000,2026,2026-08-06 08:22:02,ADGE_INTEGRATION_SVC_FIN
300000357495959,01-2026,100001475721514,424761 - Entertainment and hospitality,60000,2026,2026-08-06 08:22:02,ADGE_INTEGRATION_SVC_FIN
300000357495959,01-2026,300000515381448,423821 - Business Travel - Per Diem Allowances,850000,2026,2026-08-06 08:22:02,ADGE_INTEGRATION_SVC_FIN
300000357495976,01-2026,100001475721553,"422401 - Conferences, seminars, exhib ,events: -deactivate",42000,2026,2026-06-17 14:48:47,ADGE_INTEGRATION_SVC_FIN
300000357495976,01-2026,100001475721555,"424521 - Manpower supply ""Other Than IT Related""",7890466,2026,2026-06-17 14:48:47,ADGE_INTEGRATION_SVC_FIN
300000357495976,01-2026,300001282157219,"424521 - Manpower supply ""Other Than IT Related""",4996457,2026,2026-06-17 14:48:47,ADGE_INTEGRATION_SVC_FIN
300000357495993,01-2026,100001475721586,"424521 - Manpower supply ""Other Than IT Related""",1430000,2026,2026-08-06 13:14:25,ADGE_INTEGRATION_SVC_FIN
300000357495993,01-2026,100001475721589,"424521 - Manpower supply ""Other Than IT Related""",991000,2026,2026-08-06 13:14:25,ADGE_INTEGRATION_SVC_FIN
300000357495993,01-2026,100001475721590,"422401 - Conferences, seminars, exhib ,events: -deactivate",4555000,2026,2026-08-06 13:14:25,ADGE_INTEGRATION_SVC_FIN
300000357495993,01-2026,100001475721592,"424521 - Manpower supply ""Other Than IT Related""",1267553,2026,2026-08-06 13:14:25,ADGE_INTEGRATION_SVC_FIN
300000357495993,01-2026,100001475721597,423411 - General research  expenses,5181396,2026,2026-08-06 13:14:25,ADGE_INTEGRATION_SVC_FIN
300000357495993,01-2026,300000500716108,421125 - Professional Operational Service  expenses,1133458,2026,2026-08-06 13:14:25,ADGE_INTEGRATION_SVC_FIN
300000357495993,01-2026,300002001791370,"421119 - IT consultancy, not software develop",1350000,2026,2026-08-06 13:14:25,ADGE_INTEGRATION_SVC_FIN
300000357529010,01-2026,100001475721680,"421191 - Other specialised professional services, not elsewhere",1333821,2026,2026-06-30 04:51:24,ADGE_INTEGRATION_SVC_FIN
300000357529010,01-2026,100001475721682,"424521 - Manpower supply ""Other Than IT Related""",700000,2026,2026-06-30 04:51:24,ADGE_INTEGRATION_SVC_FIN
300000357529027,01-2026,100001475721709,"424521 - Manpower supply ""Other Than IT Related""",3758860,2026,2026-06-19 07:47:25,ADGE_INTEGRATION_SVC_FIN
300000357529027,01-2026,300000546601341,422511 - Advertising Services (General),192510,2026,2026-06-19 07:47:25,ADGE_INTEGRATION_SVC_FIN
300000357529044,01-2026,100001475721757,"424521 - Manpower supply ""Other Than IT Related""",140400,2026,2026-02-22 12:49:58,ADGE_INTEGRATION_SVC_FIN
300000357529044,01-2026,100001475721759,423411 - General research  expenses,1322080,2026,2026-02-22 12:49:58,ADGE_INTEGRATION_SVC_FIN
300000357529061,01-2026,100001475721783,"422401 - Conferences, seminars, exhib ,events: -deactivate",2937215.9,2026,2026-04-20 10:59:41,ADGE_INTEGRATION_SVC_FIN
300000357529061,01-2026,100001475721790,"422401 - Conferences, seminars, exhib ,events: -deactivate",360000,2026,2026-04-20 10:59:41,ADGE_INTEGRATION_SVC_FIN
300000357529061,01-2026,100001475721795,"424521 - Manpower supply ""Other Than IT Related""",1967000.2,2026,2026-04-20 10:59:41,ADGE_INTEGRATION_SVC_FIN
300000357529061,01-2026,300000551102651,424791 - Printing and publishing,641550,2026,2026-04-20 10:59:41,ADGE_INTEGRATION_SVC_FIN
300000357529061,01-2026,300000805438531,"424521 - Manpower supply ""Other Than IT Related""",493172,2026,2026-04-20 10:59:41,ADGE_INTEGRATION_SVC_FIN
300000357529078,01-2026,100001475721873,"424521 - Manpower supply ""Other Than IT Related""",136228,2026,2026-01-27 12:58:15,ADGE_INTEGRATION_SVC_FIN
300000357529095,01-2026,100001475721898,"421191 - Other specialised professional services, not elsewhere",440772,2026,2026-08-07 07:55:49,ADGE_INTEGRATION_SVC_FIN
300000357529112,01-2026,300000597036145,432626 - Music Band related items,2040600,2026,2026-08-10 10:13:04,ADGE_INTEGRATION_SVC_FIN
300000357529129,01-2026,100001475721957,431512 - Heritage and historical,1140000,2026,2026-06-30 11:31:36,ADGE_INTEGRATION_SVC_FIN
300000357529146,01-2026,100001475721980,431512 - Heritage and historical,50000,2026,2026-01-22 10:16:54,ADGE_INTEGRATION_SVC_FIN
300000357529163,01-2026,100001475722003,431512 - Heritage and historical,590000,2026,2026-01-27 12:54:01,ADGE_INTEGRATION_SVC_FIN
300000357529180,01-2026,100001475722030,422511 - Advertising Services (General),883200,2026,2026-02-22 12:47:29,ADGE_INTEGRATION_SVC_FIN
300000357529237,01-2026,100001475722111,421125 - Professional Operational Service  expenses,660000,2026,2026-04-10 11:03:43,ADGE_INTEGRATION_SVC_FIN
300000357529237,01-2026,100001475722119,"424521 - Manpower supply ""Other Than IT Related""",475000,2026,2026-04-10 11:03:43,ADGE_INTEGRATION_SVC_FIN
300000357529237,01-2026,100001475722123,423821 - Business Travel - Per Diem Allowances,360000,2026,2026-04-10 11:03:43,ADGE_INTEGRATION_SVC_FIN
300000357529271,01-2026,100001475722244,"422401 - Conferences, seminars, exhib ,events: -deactivate",3350000,2026,2026-07-27 06:42:23,ADGE_INTEGRATION_SVC_FIN
300000357529271,01-2026,100001475722251,"424521 - Manpower supply ""Other Than IT Related""",869400,2026,2026-07-27 06:42:23,ADGE_INTEGRATION_SVC_FIN
300000357529271,01-2026,300000521009233,"424521 - Manpower supply ""Other Than IT Related""",30600,2026,2026-07-27 06:42:23,ADGE_INTEGRATION_SVC_FIN
300000357529288,01-2026,100001475722306,421125 - Professional Operational Service  expenses,489424,2026,2026-07-20 12:53:51,ADGE_INTEGRATION_SVC_FIN
300000357529288,01-2026,100001475722309,"422401 - Conferences, seminars, exhib ,events: -deactivate",4997804,2026,2026-07-20 12:53:51,ADGE_INTEGRATION_SVC_FIN
300000357529288,01-2026,100001475722313,"424521 - Manpower supply ""Other Than IT Related""",1811917,2026,2026-07-20 12:53:51,ADGE_INTEGRATION_SVC_FIN
300000357529288,01-2026,100001475722318,423821 - Business Travel - Per Diem Allowances,2236251,2026,2026-07-20 12:53:51,ADGE_INTEGRATION_SVC_FIN
300000357529288,01-2026,100001475722327,421123 - Strategic planning consultancy  expenses,11321945,2026,2026-07-20 12:53:51,ADGE_INTEGRATION_SVC_FIN
300000357529288,01-2026,300000530525888,424761 - Entertainment and hospitality,181000,2026,2026-07-20 12:53:51,ADGE_INTEGRATION_SVC_FIN
300000357529288,01-2026,300002519600309,"424521 - Manpower supply ""Other Than IT Related""",156083,2026,2026-07-20 12:53:51,ADGE_INTEGRATION_SVC_FIN
300000357529424,01-2026,100001475723080,"424521 - Manpower supply ""Other Than IT Related""",695600,2026,2026-08-03 05:56:31,ADGE_INTEGRATION_SVC_FIN
300000357529424,01-2026,300000667605273,432626 - Music Band related items,135000,2026,2026-08-03 05:56:31,ADGE_INTEGRATION_SVC_FIN
300000357529424,01-2026,300002519600246,"424521 - Manpower supply ""Other Than IT Related""",440000,2026,2026-08-03 05:56:31,ADGE_INTEGRATION_SVC_FIN
300000357529475,01-2026,100001475723241,"424521 - Manpower supply ""Other Than IT Related""",1125000,2026,2026-07-27 04:41:36,ADGE_INTEGRATION_SVC_FIN
300000357529475,01-2026,300000827980831,432626 - Music Band related items,49500,2026,2026-07-27 04:41:36,ADGE_INTEGRATION_SVC_FIN
300000357529492,01-2026,100001475723287,"422401 - Conferences, seminars, exhib ,events: -deactivate",1200000,2026,2026-04-15 11:05:07,ADGE_INTEGRATION_SVC_FIN
300000357529492,01-2026,100001475723296,"424521 - Manpower supply ""Other Than IT Related""",339600,2026,2026-04-15 11:05:07,ADGE_INTEGRATION_SVC_FIN
300000357529526,01-2026,100001475723386,"422401 - Conferences, seminars, exhib ,events: -deactivate",20003587,2026,2026-05-20 10:56:21,ADGE_INTEGRATION_SVC_FIN
300000357529526,01-2026,100001475723390,422511 - Advertising Services (General),478760.9,2026,2026-05-20 10:56:21,ADGE_INTEGRATION_SVC_FIN
300000357529526,01-2026,100001475723394,422511 - Advertising Services (General),400000,2026,2026-05-20 10:56:21,ADGE_INTEGRATION_SVC_FIN
300000357529543,01-2026,100001475723453,"424521 - Manpower supply ""Other Than IT Related""",1373271,2026,2026-03-30 07:27:54,ADGE_INTEGRATION_SVC_FIN
300000357529543,01-2026,300000526286041,423821 - Business Travel - Per Diem Allowances,836300,2026,2026-03-30 07:27:54,ADGE_INTEGRATION_SVC_FIN
300000357529560,01-2026,100001475723549,"425112 - Rental - Buildings, other than staff residences",864000,2026,2026-05-13 06:56:25,ADGE_INTEGRATION_SVC_FIN
300000357529560,01-2026,100001475723555,"424521 - Manpower supply ""Other Than IT Related""",583740,2026,2026-05-13 06:56:25,ADGE_INTEGRATION_SVC_FIN
300000357529560,01-2026,100001475723556,422511 - Advertising Services (General),251640,2026,2026-05-13 06:56:25,ADGE_INTEGRATION_SVC_FIN
300000357529560,01-2026,100001475723561,424781 - Public relations expenses,20700,2026,2026-05-13 06:56:25,ADGE_INTEGRATION_SVC_FIN
300000357529560,01-2026,100001475723565,422619 - Scholarships & other financial aid,3700000,2026,2026-05-13 06:56:25,ADGE_INTEGRATION_SVC_FIN
300000357529560,01-2026,300000488192140,421125 - Professional Operational Service  expenses,5512570,2026,2026-05-13 06:56:25,ADGE_INTEGRATION_SVC_FIN
300000357529560,01-2026,300000521009513,"424521 - Manpower supply ""Other Than IT Related""",144000,2026,2026-05-13 06:56:25,ADGE_INTEGRATION_SVC_FIN
300000357529560,01-2026,300000546601333,422511 - Advertising Services (General),468000,2026,2026-05-13 06:56:25,ADGE_INTEGRATION_SVC_FIN
300000357529645,01-2026,300000546601367,421125 - Professional Operational Service  expenses,413115,2026,2026-04-22 11:03:46,ADGE_INTEGRATION_SVC_FIN
300000357529662,01-2026,100001475723892,421125 - Professional Operational Service  expenses,1748354,2026,2026-08-03 10:52:57,ADGE_INTEGRATION_SVC_FIN
300000357529662,01-2026,100001475723898,423821 - Business Travel - Per Diem Allowances,1296049,2026,2026-08-03 10:52:57,ADGE_INTEGRATION_SVC_FIN
300000357529662,01-2026,100001475723901,"491351 - Plant,Machinery&Equip - Workshop equipment - Capital Expenditure",9000000,2026,2026-08-03 10:52:57,ADGE_INTEGRATION_SVC_FIN
300000357529662,01-2026,300002216598462,424761 - Entertainment and hospitality,500000,2026,2026-08-03 10:52:57,ADGE_INTEGRATION_SVC_FIN
300000357529713,01-2026,100001475724110,423821 - Business Travel - Per Diem Allowances,700000,2026,2026-01-27 12:55:01,ADGE_INTEGRATION_SVC_FIN
300000357529747,01-2026,100001475724177,422511 - Advertising Services (General),1300000,2026,2026-04-22 08:35:56,ADGE_INTEGRATION_SVC_FIN
300000357529747,01-2026,300000827980555,"422401 - Conferences, seminars, exhib ,events: -deactivate",428084,2026,2026-04-22 08:35:56,ADGE_INTEGRATION_SVC_FIN
300000357529747,01-2026,300000827980559,"422401 - Conferences, seminars, exhib ,events: -deactivate",312500,2026,2026-04-22 08:35:56,ADGE_INTEGRATION_SVC_FIN
300000357529747,01-2026,300000827980654,422311 - Cleaning Services: Business premises,180000,2026,2026-04-22 08:35:56,ADGE_INTEGRATION_SVC_FIN
300000357529747,01-2026,300000827980661,422321 - Cleaning and Pest control Services-Public,10000,2026,2026-04-22 08:35:56,ADGE_INTEGRATION_SVC_FIN
300000357529747,01-2026,300000827980667,422511 - Advertising Services (General),200000,2026,2026-04-22 08:35:56,ADGE_INTEGRATION_SVC_FIN
300000357529747,01-2026,300000827980723,424551 - Security service  expenses,200000,2026,2026-04-22 08:35:56,ADGE_INTEGRATION_SVC_FIN
300000357529747,01-2026,300000827980727,423931 - Consumption charges-Water & Electricity combined,300000,2026,2026-04-22 08:35:56,ADGE_INTEGRATION_SVC_FIN
300000357529747,01-2026,300000827980737,"426427 - Maintenance & repair-Exhibition Stands, etc",50000,2026,2026-04-22 08:35:56,ADGE_INTEGRATION_SVC_FIN
300000357529747,01-2026,300000827980744,424761 - Entertainment and hospitality,60000,2026,2026-04-22 08:35:56,ADGE_INTEGRATION_SVC_FIN
300000357529747,01-2026,300000827980749,432614 - Landscaping and other horticulturematerials,50000,2026,2026-04-22 08:35:56,ADGE_INTEGRATION_SVC_FIN
300000357529747,01-2026,300000827980757,426212 - Bldg maintenance-Business premises,150000,2026,2026-04-22 08:35:56,ADGE_INTEGRATION_SVC_FIN
300000357529866,01-2026,100001475724955,"422401 - Conferences, seminars, exhib ,events: -deactivate",840650,2026,2026-07-16 05:38:23,ADGE_INTEGRATION_SVC_FIN
300000357529901,01-2026,100001475724992,421125 - Professional Operational Service  expenses,23000,2026,2026-04-27 12:50:04,ADGE_INTEGRATION_SVC_FIN
300000357529901,01-2026,100001475724995,423821 - Business Travel - Per Diem Allowances,9400,2026,2026-04-27 12:50:04,ADGE_INTEGRATION_SVC_FIN
300000357529901,01-2026,100001475724997,"421191 - Other specialised professional services, not elsewhere",784457,2026,2026-04-27 12:50:04,ADGE_INTEGRATION_SVC_FIN
300000357529919,01-2026,100001475725024,424761 - Entertainment and hospitality,1000000,2026,2026-01-22 08:06:59,ADGE_INTEGRATION_SVC_FIN
300000357529936,01-2026,300000696256227,461412 - Support to AD tourism development program,1573480,2026,2026-05-12 08:54:03,ADGE_INTEGRATION_SVC_FIN
300000357529936,01-2026,300001265931629,461412 - Support to AD tourism development program,626520,2026,2026-05-12 08:54:03,ADGE_INTEGRATION_SVC_FIN
300000357529936,02-2026,300000696256227,461412 - Support to AD tourism development program,'-274480,2026,2026-05-12 08:54:03,ADGE_INTEGRATION_SVC_FIN
300000357529972,01-2026,300000488192128,421125 - Professional Operational Service  expenses,41025,2026,2026-06-17 07:06:17,ADGE_INTEGRATION_SVC_FIN
300000357529972,01-2026,300000533544901,"424521 - Manpower supply ""Other Than IT Related""",480700,2026,2026-06-17 07:06:17,ADGE_INTEGRATION_SVC_FIN
300000357529972,01-2026,300000805438630,"424521 - Manpower supply ""Other Than IT Related""",270000,2026,2026-06-17 07:06:17,ADGE_INTEGRATION_SVC_FIN
300000357529990,01-2026,100001475725103,"424521 - Manpower supply ""Other Than IT Related""",687268.07,2026,2026-08-04 04:59:29,ADGE_INTEGRATION_SVC_FIN
300000357529990,01-2026,100001475725107,"424521 - Manpower supply ""Other Than IT Related""",104643,2026,2026-08-04 04:59:29,ADGE_INTEGRATION_SVC_FIN
300000357529990,01-2026,300000805438626,"424521 - Manpower supply ""Other Than IT Related""",37500,2026,2026-08-04 04:59:29,ADGE_INTEGRATION_SVC_FIN
300000357538025,01-2026,100001475725138,422511 - Advertising Services (General),678557.7,2026,2026-02-22 12:46:44,ADGE_INTEGRATION_SVC_FIN
300000357538042,01-2026,100001475725156,"422401 - Conferences, seminars, exhib ,events: -deactivate",16220963,2026,2026-01-21 18:22:00,ADGE_INTEGRATION_SVC_FIN
300000357538078,01-2026,100001475725191,"422401 - Conferences, seminars, exhib ,events: -deactivate",14440000,2026,2026-01-26 03:47:16,ADGE_INTEGRATION_SVC_FIN
300000357538078,01-2026,100001475725192,422511 - Advertising Services (General),3610000,2026,2026-01-26 03:47:16,ADGE_INTEGRATION_SVC_FIN
300000357538095,01-2026,300000542075829,"424521 - Manpower supply ""Other Than IT Related""",2341230,2026,2026-04-28 09:53:10,ADGE_INTEGRATION_SVC_FIN
300000357538095,01-2026,300000542075833,424791 - Printing and publishing,500000,2026,2026-04-28 09:53:10,ADGE_INTEGRATION_SVC_FIN
300000357538095,01-2026,300000542179002,"424521 - Manpower supply ""Other Than IT Related""",780411,2026,2026-04-28 09:53:10,ADGE_INTEGRATION_SVC_FIN
300000357538112,01-2026,300000542075837,421125 - Professional Operational Service  expenses,117303,2026,2026-07-10 08:06:00,ADGE_INTEGRATION_SVC_FIN
300000357538112,01-2026,300000542075841,"425112 - Rental - Buildings, other than staff residences",653807,2026,2026-07-10 08:06:00,ADGE_INTEGRATION_SVC_FIN
300000357538112,01-2026,300000542075845,491711 - Furniture & Fixtures - Offices - Capital Expenditure,497222,2026,2026-07-10 08:06:00,ADGE_INTEGRATION_SVC_FIN
300000357538112,01-2026,300000542075849,423821 - Business Travel - Per Diem Allowances,250000,2026,2026-07-10 08:06:00,ADGE_INTEGRATION_SVC_FIN
300000357538165,01-2026,100001475725314,421125 - Professional Operational Service  expenses,8205,2026,2026-04-28 05:44:37,ADGE_INTEGRATION_SVC_FIN
300000357538165,01-2026,100001475725315,421125 - Professional Operational Service  expenses,27964,2026,2026-04-28 05:44:37,ADGE_INTEGRATION_SVC_FIN
300000357538165,01-2026,100001475725317,"424521 - Manpower supply ""Other Than IT Related""",394400,2026,2026-04-28 05:44:37,ADGE_INTEGRATION_SVC_FIN
300000357538165,01-2026,100001475725319,"424521 - Manpower supply ""Other Than IT Related""",838975,2026,2026-04-28 05:44:37,ADGE_INTEGRATION_SVC_FIN
300000357538165,01-2026,100001475725321,423821 - Business Travel - Per Diem Allowances,28000,2026,2026-04-28 05:44:37,ADGE_INTEGRATION_SVC_FIN
300000357538165,01-2026,300000530525706,424131 - License Fee support - Related business,116492,2026,2026-04-28 05:44:37,ADGE_INTEGRATION_SVC_FIN
300000357538165,02-2026,100001475725315,421125 - Professional Operational Service  expenses,164105,2026,2026-04-28 05:44:37,ADGE_INTEGRATION_SVC_FIN
300000357538165,02-2026,100001475725321,423821 - Business Travel - Per Diem Allowances,'-3100,2026,2026-04-28 05:44:37,ADGE_INTEGRATION_SVC_FIN
300000357538182,01-2026,300000533360250,424781 - Public relations expenses,447796,2026,2026-05-18 05:50:31,ADGE_INTEGRATION_SVC_FIN
300000357538200,01-2026,300000549316533,422511 - Advertising Services (General),8982590,2026,2026-07-15 08:16:10,ADGE_INTEGRATION_SVC_FIN
300000357538217,01-2026,300000494510305,423821 - Business Travel - Per Diem Allowances,210000,2026,2026-05-18 05:47:20,ADGE_INTEGRATION_SVC_FIN
300000357538234,01-2026,100001764747757,421125 - Professional Operational Service  expenses,5500,2026,2026-02-23 17:09:16,ADGE_INTEGRATION_SVC_FIN
300000357538234,01-2026,100001764747760,423821 - Business Travel - Per Diem Allowances,259017,2026,2026-02-23 17:09:16,ADGE_INTEGRATION_SVC_FIN
300000357538234,01-2026,100001764747761,424251 - Tourism Promotion (include site improvements),57250,2026,2026-02-23 17:09:16,ADGE_INTEGRATION_SVC_FIN
300000357538234,01-2026,100001764747762,424251 - Tourism Promotion (include site improvements),484000,2026,2026-02-23 17:09:16,ADGE_INTEGRATION_SVC_FIN
300000357538251,01-2026,300000488192202,"422401 - Conferences, seminars, exhib ,events: -deactivate",67000000,2026,2026-01-26 14:59:54,ADGE_INTEGRATION_SVC_FIN
300000357538268,01-2026,100001475725537,491320 - Hardware & peripherals - Capital Expenditure,600000,2026,2026-08-05 11:06:06,ADGE_INTEGRATION_SVC_FIN
300000357538268,01-2026,100001475725538,425252 - Rental - Computer SW-Rental/Subscription - Computer SW,4132212.51,2026,2026-08-05 11:06:06,ADGE_INTEGRATION_SVC_FIN
300000357538268,01-2026,100001475725539,"493140 - Computer software-Application, Platform - Capital Expenditure",775750,2026,2026-08-05 11:06:06,ADGE_INTEGRATION_SVC_FIN
300000357538268,01-2026,100001475725542,"493140 - Computer software-Application, Platform - Capital Expenditure",2532139,2026,2026-08-05 11:06:06,ADGE_INTEGRATION_SVC_FIN
300000357538268,01-2026,100001475725544,"493140 - Computer software-Application, Platform - Capital Expenditure",3835705,2026,2026-08-05 11:06:06,ADGE_INTEGRATION_SVC_FIN
300000357538268,01-2026,100001475725545,422212 - IT Systems - Support expenses-Application/Systems Operation,529600,2026,2026-08-05 11:06:06,ADGE_INTEGRATION_SVC_FIN
300000357538268,01-2026,300000682374689,422212 - IT Systems - Support expenses-Application/Systems Operation,1813120,2026,2026-08-05 11:06:06,ADGE_INTEGRATION_SVC_FIN
300000357538302,01-2026,100001475736260,423821 - Business Travel - Per Diem Allowances,500000,2026,2026-01-26 17:45:34,ADGE_INTEGRATION_SVC_FIN
300000357538373,01-2026,100001475736888,424761 - Entertainment and hospitality,505000,2026,2026-08-04 04:30:10,ADGE_INTEGRATION_SVC_FIN
300000357538373,01-2026,100001475736890,423821 - Business Travel - Per Diem Allowances,1664480,2026,2026-08-04 04:30:10,ADGE_INTEGRATION_SVC_FIN
300000357538391,01-2026,100001475736908,"422401 - Conferences, seminars, exhib ,events: -deactivate",7534887.1,2026,2026-02-23 12:22:28,ADGE_INTEGRATION_SVC_FIN
300000357538391,01-2026,100001475736909,"424521 - Manpower supply ""Other Than IT Related""",1771000,2026,2026-02-23 12:22:28,ADGE_INTEGRATION_SVC_FIN
300000357538391,01-2026,100001475736910,424761 - Entertainment and hospitality,6593741,2026,2026-02-23 12:22:28,ADGE_INTEGRATION_SVC_FIN
300000357538391,01-2026,100001475736912,"422401 - Conferences, seminars, exhib ,events: -deactivate",1935542,2026,2026-02-23 12:22:28,ADGE_INTEGRATION_SVC_FIN
300000357538426,01-2026,100001475736948,421123 - Strategic planning consultancy  expenses,5890000,2026,2026-02-27 17:03:32,ADGE_INTEGRATION_SVC_FIN
300000357538444,01-2026,100001764759109,"424521 - Manpower supply ""Other Than IT Related""",2000000,2026,2026-07-31 07:28:28,ADGE_INTEGRATION_SVC_FIN
300000357538444,01-2026,100001764759110,424131 - License Fee support - Related business,10715405,2026,2026-07-31 07:28:28,ADGE_INTEGRATION_SVC_FIN
300000357538444,01-2026,100001764759111,424251 - Tourism Promotion (include site improvements),198720,2026,2026-07-31 07:28:28,ADGE_INTEGRATION_SVC_FIN
300000357538462,01-2026,100001764759135,"424521 - Manpower supply ""Other Than IT Related""",184000,2026,2026-02-03 06:07:33,ADGE_INTEGRATION_SVC_FIN
300000357538480,01-2026,100001764759143,421125 - Professional Operational Service  expenses,200000,2026,2026-01-27 17:54:50,ADGE_INTEGRATION_SVC_FIN
300000357538480,01-2026,100001764759144,423821 - Business Travel - Per Diem Allowances,127000,2026,2026-01-27 17:54:50,ADGE_INTEGRATION_SVC_FIN
300000357538480,01-2026,100001764759145,"424991 - Other services, not specifically mentioned elsewhere",80000,2026,2026-01-27 17:54:50,ADGE_INTEGRATION_SVC_FIN
300000357538551,01-2026,100001475737079,"421191 - Other specialised professional services, not elsewhere",1989162,2026,2026-07-23 05:37:16,ADGE_INTEGRATION_SVC_FIN
300000357538551,01-2026,300000485593735,421125 - Professional Operational Service  expenses,96674.6,2026,2026-07-23 05:37:16,ADGE_INTEGRATION_SVC_FIN
300000357538551,01-2026,300000521009568,"424521 - Manpower supply ""Other Than IT Related""",180350,2026,2026-07-23 05:37:16,ADGE_INTEGRATION_SVC_FIN
300000357538568,01-2026,300000515381502,423821 - Business Travel - Per Diem Allowances,71578,2026,2026-08-10 10:28:23,ADGE_INTEGRATION_SVC_FIN
300000357538568,01-2026,300000539324677,"422401 - Conferences, seminars, exhib ,events: -deactivate",2900000,2026,2026-08-10 10:28:23,ADGE_INTEGRATION_SVC_FIN
300000357538568,01-2026,300000539324681,421125 - Professional Operational Service  expenses,304422,2026,2026-08-10 10:28:23,ADGE_INTEGRATION_SVC_FIN
300000357538568,01-2026,300000539324685,461412 - Support to AD tourism development program,3497737,2026,2026-08-10 10:28:23,ADGE_INTEGRATION_SVC_FIN
300000357538568,01-2026,300000539324689,"422401 - Conferences, seminars, exhib ,events: -deactivate",529000,2026,2026-08-10 10:28:23,ADGE_INTEGRATION_SVC_FIN
300000357538568,01-2026,300000539324693,424781 - Public relations expenses,977875,2026,2026-08-10 10:28:23,ADGE_INTEGRATION_SVC_FIN
300000357538568,01-2026,300000539324697,424251 - Tourism Promotion (include site improvements),250000,2026,2026-08-10 10:28:23,ADGE_INTEGRATION_SVC_FIN
300000357538585,01-2026,100001475737134,423821 - Business Travel - Per Diem Allowances,270690,2026,2026-02-26 21:28:13,ADGE_INTEGRATION_SVC_FIN
300000357538585,01-2026,100001475737135,"422401 - Conferences, seminars, exhib ,events: -deactivate",8764000,2026,2026-02-26 21:28:13,ADGE_INTEGRATION_SVC_FIN
300000357538602,01-2026,100001475737172,423411 - General research  expenses,186710,2026,2026-06-30 04:52:43,ADGE_INTEGRATION_SVC_FIN
300000357538620,01-2026,300000533360286,421115 - Academic Advisory Service  expenses,1000000,2026,2026-04-08 07:34:11,ADGE_INTEGRATION_SVC_FIN
300000357538620,01-2026,300000533360292,422212 - IT Systems - Support expenses-Application/Systems Operation,11800000,2026,2026-04-08 07:34:11,ADGE_INTEGRATION_SVC_FIN
300000357538620,01-2026,300000545353473,"424521 - Manpower supply ""Other Than IT Related""",2000000,2026,2026-04-08 07:34:11,ADGE_INTEGRATION_SVC_FIN
300000357538638,01-2026,300000491465576,424221 - Events - Production costs,500000,2026,2026-02-23 12:18:56,ADGE_INTEGRATION_SVC_FIN
300000357538638,01-2026,300000491465580,422511 - Advertising Services (General),750000,2026,2026-02-23 12:18:56,ADGE_INTEGRATION_SVC_FIN
300000357538638,01-2026,300000491465584,422511 - Advertising Services (General),1644784,2026,2026-02-23 12:18:56,ADGE_INTEGRATION_SVC_FIN
300000357538638,01-2026,300000491465588,422511 - Advertising Services (General),5889600,2026,2026-02-23 12:18:56,ADGE_INTEGRATION_SVC_FIN
300000357538673,01-2026,100001475737263,"422401 - Conferences, seminars, exhib ,events: -deactivate",76031000,2026,2026-01-21 18:20:16,ADGE_INTEGRATION_SVC_FIN
300000357538691,01-2026,100001475737274,421125 - Professional Operational Service  expenses,79060,2026,2026-02-27 07:49:13,ADGE_INTEGRATION_SVC_FIN
300000357538691,01-2026,100001475737275,423351 - Medical services,130406,2026,2026-02-27 07:49:13,ADGE_INTEGRATION_SVC_FIN
300000357538691,01-2026,100001475737278,"424521 - Manpower supply ""Other Than IT Related""",239334,2026,2026-02-27 07:49:13,ADGE_INTEGRATION_SVC_FIN
300000357538691,01-2026,100001475737283,423821 - Business Travel - Per Diem Allowances,47500,2026,2026-02-27 07:49:13,ADGE_INTEGRATION_SVC_FIN
300000357538691,01-2026,300000485593799,491911 - Other fixed assets - Capital Expenditure,9000,2026,2026-02-27 07:49:13,ADGE_INTEGRATION_SVC_FIN
300000357538708,01-2026,100001475737319,421125 - Professional Operational Service  expenses,147000,2026,2026-02-16 12:11:04,ADGE_INTEGRATION_SVC_FIN
300000357538708,01-2026,100001475737324,423821 - Business Travel - Per Diem Allowances,0.5,2026,2026-02-16 12:11:04,ADGE_INTEGRATION_SVC_FIN
300000357538742,01-2026,100001475811318,421125 - Professional Operational Service  expenses,3000000,2026,2026-08-03 12:44:47,ADGE_INTEGRATION_SVC_FIN
300000357538742,01-2026,100001475811351,"424521 - Manpower supply ""Other Than IT Related""",4000000,2026,2026-08-03 12:44:47,ADGE_INTEGRATION_SVC_FIN
300000357538742,01-2026,100001475811357,"424521 - Manpower supply ""Other Than IT Related""",58624458,2026,2026-08-03 12:44:47,ADGE_INTEGRATION_SVC_FIN
300000357538742,01-2026,100001475811381,423821 - Business Travel - Per Diem Allowances,2000000,2026,2026-08-03 12:44:47,ADGE_INTEGRATION_SVC_FIN
300000357538742,01-2026,100001475811428,421123 - Strategic planning consultancy  expenses,4987500,2026,2026-08-03 12:44:47,ADGE_INTEGRATION_SVC_FIN
300000357538742,01-2026,300000491648787,491811 - Heritage culture assts,19116604,2026,2026-08-03 12:44:47,ADGE_INTEGRATION_SVC_FIN
300000357538742,01-2026,300000491648793,422191 - Operations management expenses not elsewhere,59488224.97,2026,2026-08-03 12:44:47,ADGE_INTEGRATION_SVC_FIN
300000357538759,01-2026,100001476057001,421125 - Professional Operational Service  expenses,2669667,2026,2026-06-17 14:45:53,ADGE_INTEGRATION_SVC_FIN
300000357538759,01-2026,100001476057006,423821 - Business Travel - Per Diem Allowances,125000,2026,2026-06-17 14:45:53,ADGE_INTEGRATION_SVC_FIN
300000357538759,01-2026,100001476057010,"424991 - Other services, not specifically mentioned elsewhere",125000,2026,2026-06-17 14:45:53,ADGE_INTEGRATION_SVC_FIN
300000357538759,01-2026,300001284300206,"424521 - Manpower supply ""Other Than IT Related""",430333,2026,2026-06-17 14:45:53,ADGE_INTEGRATION_SVC_FIN
300000357538776,01-2026,100001476057045,"424521 - Manpower supply ""Other Than IT Related""",635280,2026,2026-07-29 10:35:20,ADGE_INTEGRATION_SVC_FIN
300000357538776,01-2026,100001476057048,421121 - Legal services  expenses,6362855,2026,2026-07-29 10:35:20,ADGE_INTEGRATION_SVC_FIN
300000357538776,01-2026,100001476057050,421121 - Legal services  expenses,1595680,2026,2026-07-29 10:35:20,ADGE_INTEGRATION_SVC_FIN
300000357538776,01-2026,100001476057055,423821 - Business Travel - Per Diem Allowances,767500,2026,2026-07-29 10:35:20,ADGE_INTEGRATION_SVC_FIN
300000357538776,01-2026,300001048524555,"424521 - Manpower supply ""Other Than IT Related""",576600,2026,2026-07-29 10:35:20,ADGE_INTEGRATION_SVC_FIN
300000357538880,01-2026,100001476057211,"422401 - Conferences, seminars, exhib ,events: -deactivate",755446.8,2026,2026-01-21 18:18:14,ADGE_INTEGRATION_SVC_FIN
300000357538933,01-2026,100001476057242,"422401 - Conferences, seminars, exhib ,events: -deactivate",2225184.2,2026,2026-07-17 10:16:50,ADGE_INTEGRATION_SVC_FIN
300000357538933,01-2026,100001476057243,"426427 - Maintenance & repair-Exhibition Stands, etc",117720,2026,2026-07-17 10:16:50,ADGE_INTEGRATION_SVC_FIN
300000357538933,01-2026,100001476057247,422311 - Cleaning Services: Business premises,108000,2026,2026-07-17 10:16:50,ADGE_INTEGRATION_SVC_FIN
300000357538933,01-2026,100001476057248,424761 - Entertainment and hospitality,89640,2026,2026-07-17 10:16:50,ADGE_INTEGRATION_SVC_FIN
300000357538933,01-2026,100001476057249,432614 - Landscaping and other horticulturematerials,76572,2026,2026-07-17 10:16:50,ADGE_INTEGRATION_SVC_FIN
300000357538933,01-2026,100001476057251,490600 - Leaseholds - Other Infrastructure assets,8883402,2026,2026-07-17 10:16:50,ADGE_INTEGRATION_SVC_FIN
300000357538933,01-2026,100001476057252,426212 - Bldg maintenance-Business premises,220579.2,2026,2026-07-17 10:16:50,ADGE_INTEGRATION_SVC_FIN
300000357538933,01-2026,100001476057254,"424521 - Manpower supply ""Other Than IT Related""",2202464,2026,2026-07-17 10:16:50,ADGE_INTEGRATION_SVC_FIN
300000357538933,01-2026,100001476057255,422321 - Cleaning and Pest control Services-Public,22500,2026,2026-07-17 10:16:50,ADGE_INTEGRATION_SVC_FIN
300000357538933,01-2026,100001476057258,424551 - Security service  expenses,323103.6,2026,2026-07-17 10:16:50,ADGE_INTEGRATION_SVC_FIN
300000357538933,01-2026,100001476057260,423931 - Consumption charges-Water & Electricity combined,247500,2026,2026-07-17 10:16:50,ADGE_INTEGRATION_SVC_FIN
300000357538933,01-2026,300000488192088,421125 - Professional Operational Service  expenses,162000,2026,2026-07-17 10:16:50,ADGE_INTEGRATION_SVC_FIN
300000357538933,01-2026,300000521009711,"424521 - Manpower supply ""Other Than IT Related""",314000,2026,2026-07-17 10:16:50,ADGE_INTEGRATION_SVC_FIN
300000357538933,01-2026,300000546601355,422511 - Advertising Services (General),9998,2026,2026-07-17 10:16:50,ADGE_INTEGRATION_SVC_FIN
300000357538951,01-2026,100001476057328,422511 - Advertising Services (General),150000,2026,2026-04-01 10:14:45,ADGE_INTEGRATION_SVC_FIN
300000357539005,01-2026,100001476057376,"422401 - Conferences, seminars, exhib ,events: -deactivate",7339779,2026,2026-07-28 04:42:03,ADGE_INTEGRATION_SVC_FIN
300000357539040,01-2026,300000539324660,424811 - Sponsorship expenses/contributions,2792364,2026,2026-04-23 08:52:22,ADGE_INTEGRATION_SVC_FIN
300000357539093,01-2026,100001476057541,421125 - Professional Operational Service  expenses,367000,2026,2026-02-26 19:09:35,ADGE_INTEGRATION_SVC_FIN
300000357539093,01-2026,100001476057543,423821 - Business Travel - Per Diem Allowances,226650,2026,2026-02-26 19:09:35,ADGE_INTEGRATION_SVC_FIN
300000357539093,01-2026,300000532111519,421125 - Professional Operational Service  expenses,906000,2026,2026-02-26 19:09:35,ADGE_INTEGRATION_SVC_FIN
300000357539128,01-2026,100001476057873,421125 - Professional Operational Service  expenses,135000,2026,2026-01-26 03:38:45,ADGE_INTEGRATION_SVC_FIN
300000357539128,01-2026,100001476057874,421126 - Project Management Serv,5740000,2026,2026-01-26 03:38:45,ADGE_INTEGRATION_SVC_FIN
300000357539128,01-2026,100001476057880,424761 - Entertainment and hospitality,1807191,2026,2026-01-26 03:38:45,ADGE_INTEGRATION_SVC_FIN
300000357539128,01-2026,100001476057887,423821 - Business Travel - Per Diem Allowances,1113000,2026,2026-01-26 03:38:45,ADGE_INTEGRATION_SVC_FIN
300000357539128,01-2026,100001476057898,425252 - Rental - Computer SW-Rental/Subscription - Computer SW,3465579,2026,2026-01-26 03:38:45,ADGE_INTEGRATION_SVC_FIN
300000357539128,01-2026,100001476057899,"493140 - Computer software-Application, Platform - Capital Expenditure",1000000,2026,2026-01-26 03:38:45,ADGE_INTEGRATION_SVC_FIN
300000357539145,01-2026,300000491648796,424811 - Sponsorship expenses/contributions,30000000,2026,2026-02-03 06:08:31,ADGE_INTEGRATION_SVC_FIN
300000357539197,01-2026,100001476058110,424221 - Events - Production costs,209500,2026,2026-05-20 11:26:47,ADGE_INTEGRATION_SVC_FIN
300000357539197,01-2026,100001476058112,424761 - Entertainment and hospitality,72000,2026,2026-05-20 11:26:47,ADGE_INTEGRATION_SVC_FIN
300000357539197,01-2026,100001476058117,"422401 - Conferences, seminars, exhib ,events: -deactivate",1197775,2026,2026-05-20 11:26:47,ADGE_INTEGRATION_SVC_FIN
300000357539215,01-2026,100001476058148,424221 - Events - Production costs,367290,2026,2026-01-26 16:55:47,ADGE_INTEGRATION_SVC_FIN
300000357539215,01-2026,100001476058150,424761 - Entertainment and hospitality,72000,2026,2026-01-26 16:55:47,ADGE_INTEGRATION_SVC_FIN
300000357539215,01-2026,100001476058155,"422401 - Conferences, seminars, exhib ,events: -deactivate",228275,2026,2026-01-26 16:55:47,ADGE_INTEGRATION_SVC_FIN
300000357539233,01-2026,100001476058186,424221 - Events - Production costs,247995,2026,2026-01-26 17:00:02,ADGE_INTEGRATION_SVC_FIN
300000357539233,01-2026,100001476058188,424761 - Entertainment and hospitality,52200,2026,2026-01-26 17:00:02,ADGE_INTEGRATION_SVC_FIN
300000357539233,01-2026,100001476058193,"422401 - Conferences, seminars, exhib ,events: -deactivate",122475,2026,2026-01-26 17:00:02,ADGE_INTEGRATION_SVC_FIN
300000357539251,01-2026,300000491628998,421115 - Academic Advisory Service  expenses,1000000,2026,2026-04-08 12:23:33,ADGE_INTEGRATION_SVC_FIN
300000357539285,01-2026,100001476058251,"422401 - Conferences, seminars, exhib ,events: -deactivate",7340000,2026,2026-01-21 18:17:48,ADGE_INTEGRATION_SVC_FIN
300000357539321,01-2026,100001764759158,426212 - Bldg maintenance-Business premises,80000,2026,2026-02-26 19:56:37,ADGE_INTEGRATION_SVC_FIN
300000357539338,01-2026,100001476058321,422311 - Cleaning Services: Business premises,22592.7,2026,2026-02-22 11:09:52,ADGE_INTEGRATION_SVC_FIN
300000357539338,01-2026,100001476058323,426212 - Bldg maintenance-Business premises,22270,2026,2026-02-22 11:09:52,ADGE_INTEGRATION_SVC_FIN
300000357539338,01-2026,100001476058324,422321 - Cleaning and Pest control Services-Public,50000,2026,2026-02-22 11:09:52,ADGE_INTEGRATION_SVC_FIN
300000357539338,01-2026,100001476058325,424551 - Security service  expenses,99600.4,2026,2026-02-22 11:09:52,ADGE_INTEGRATION_SVC_FIN
300000357539338,01-2026,100001476058328,423931 - Consumption charges-Water & Electricity combined,187332.2,2026,2026-02-22 11:09:52,ADGE_INTEGRATION_SVC_FIN
300000357539338,01-2026,100001476058329,424591 - Waste management service,7684.2,2026,2026-02-22 11:09:52,ADGE_INTEGRATION_SVC_FIN
300000357539355,01-2026,100001764759186,"426427 - Maintenance & repair-Exhibition Stands, etc",32400,2026,2026-02-26 18:53:33,ADGE_INTEGRATION_SVC_FIN
300000357539355,01-2026,100001764759187,422311 - Cleaning Services: Business premises,135000,2026,2026-02-26 18:53:33,ADGE_INTEGRATION_SVC_FIN
300000357539355,01-2026,100001764759188,"425112 - Rental - Buildings, other than staff residences",53666.1,2026,2026-02-26 18:53:33,ADGE_INTEGRATION_SVC_FIN
300000357539355,01-2026,100001764759189,424761 - Entertainment and hospitality,172800,2026,2026-02-26 18:53:33,ADGE_INTEGRATION_SVC_FIN
300000357539355,01-2026,100001764759190,432614 - Landscaping and other horticulturematerials,45000,2026,2026-02-26 18:53:33,ADGE_INTEGRATION_SVC_FIN
300000357539355,01-2026,100001764759191,426212 - Bldg maintenance-Business premises,324360,2026,2026-02-26 18:53:33,ADGE_INTEGRATION_SVC_FIN
300000357539355,01-2026,100001764759192,424551 - Security service  expenses,49800,2026,2026-02-26 18:53:33,ADGE_INTEGRATION_SVC_FIN
300000357539391,01-2026,100001476058457,"422401 - Conferences, seminars, exhib ,events: -deactivate",795297,2026,2026-06-29 08:17:42,ADGE_INTEGRATION_SVC_FIN
300000357539408,01-2026,100001476058511,423531 - International sports Events,36732000,2026,2026-02-27 18:07:35,ADGE_INTEGRATION_SVC_FIN
300000357539408,01-2026,300000488192214,"422401 - Conferences, seminars, exhib ,events: -deactivate",6318067,2026,2026-02-27 18:07:35,ADGE_INTEGRATION_SVC_FIN
300000357539425,01-2026,100001476058545,"422401 - Conferences, seminars, exhib ,events: -deactivate",6274500,2026,2026-04-08 05:13:26,ADGE_INTEGRATION_SVC_FIN
300000357539460,01-2026,100001476058614,424811 - Sponsorship expenses/contributions,11260000,2026,2026-07-27 11:18:38,ADGE_INTEGRATION_SVC_FIN
300000357539460,01-2026,300002289034510,424761 - Entertainment and hospitality,240000,2026,2026-07-27 11:18:38,ADGE_INTEGRATION_SVC_FIN
300000357539512,01-2026,300000539324736,424131 - License Fee support - Related business,35600,2026,2026-03-25 13:52:37,ADGE_INTEGRATION_SVC_FIN
300000357539583,01-2026,100001764759283,490600 - Leaseholds - Other Infrastructure assets,12000000,2026,2026-03-03 08:37:01,ADGE_INTEGRATION_SVC_FIN
300000357539709,01-2026,100001476058833,"424521 - Manpower supply ""Other Than IT Related""",1610000,2026,2026-01-27 12:54:30,ADGE_INTEGRATION_SVC_FIN
300000357539709,01-2026,300000486740903,"424521 - Manpower supply ""Other Than IT Related""",4443197,2026,2026-01-27 12:54:30,ADGE_INTEGRATION_SVC_FIN
300000357539727,01-2026,100001476058854,422511 - Advertising Services (General),449604,2026,2026-02-22 12:47:59,ADGE_INTEGRATION_SVC_FIN
300000357539779,01-2026,100001476058899,423411 - General research  expenses,4370395.94,2026,2026-06-17 11:07:02,ADGE_INTEGRATION_SVC_FIN
300000357539797,01-2026,300000696256383,461412 - Support to AD tourism development program,36611150,2026,2026-08-07 06:47:03,ADGE_INTEGRATION_SVC_FIN
300000357539797,01-2026,300000696256391,461412 - Support to AD tourism development program,696000,2026,2026-08-07 06:47:03,ADGE_INTEGRATION_SVC_FIN
300000357539797,01-2026,300001265931619,461412 - Support to AD tourism development program,18140200,2026,2026-08-07 06:47:03,ADGE_INTEGRATION_SVC_FIN
300000357539797,01-2026,300001265931625,461412 - Support to AD tourism development program,400000,2026,2026-08-07 06:47:03,ADGE_INTEGRATION_SVC_FIN
300000357539797,02-2026,300000696256383,461412 - Support to AD tourism development program,'-4000000,2026,2026-08-07 06:47:03,ADGE_INTEGRATION_SVC_FIN
300000357539797,02-2026,300000696256391,461412 - Support to AD tourism development program,'-396000,2026,2026-08-07 06:47:03,ADGE_INTEGRATION_SVC_FIN
300000357539815,01-2026,300000696256188,461412 - Support to AD tourism development program,9929841,2026,2026-04-17 06:57:27,ADGE_INTEGRATION_SVC_FIN
300000357539835,01-2026,100001476058948,424761 - Entertainment and hospitality,140000,2026,2026-01-22 08:30:30,ADGE_INTEGRATION_SVC_FIN
300000357539870,01-2026,100001476058978,"422401 - Conferences, seminars, exhib ,events: -deactivate",16195975,2026,2026-06-22 09:53:21,ADGE_INTEGRATION_SVC_FIN
300000357539887,01-2026,100001476058999,495511 - Survey and planning - Capital Expenditure,340000,2026,2026-06-18 06:13:24,ADGE_INTEGRATION_SVC_FIN
300000357539905,01-2026,300000491628771,424811 - Sponsorship expenses/contributions,1652940,2026,2026-02-17 05:03:11,ADGE_INTEGRATION_SVC_FIN
300000357539922,01-2026,100001476059041,425252 - Rental - Computer SW-Rental/Subscription - Computer SW,22628,2026,2026-07-16 10:28:24,sqawasmeh@dctabudhabi.ae
300000357539922,01-2026,300001178448973,"493140 - Computer software-Application, Platform - Capital Expenditure",775115,2026,2026-07-16 10:28:24,sqawasmeh@dctabudhabi.ae
300000357539922,07-2026,300001178448973,"493140 - Computer software-Application, Platform - Capital Expenditure",52000,2026,2026-07-16 10:28:24,sqawasmeh@dctabudhabi.ae
300000357539940,01-2026,100001476059067,421125 - Professional Operational Service  expenses,704857,2026,2026-07-15 09:48:46,ADGE_INTEGRATION_SVC_FIN
300000357539940,01-2026,100001476059071,"424521 - Manpower supply ""Other Than IT Related""",2289194,2026,2026-07-15 09:48:46,ADGE_INTEGRATION_SVC_FIN
300000357539940,01-2026,100001476059077,423821 - Business Travel - Per Diem Allowances,187500,2026,2026-07-15 09:48:46,ADGE_INTEGRATION_SVC_FIN
300000357539940,01-2026,100001476059081,"424521 - Manpower supply ""Other Than IT Related""",6378414,2026,2026-07-15 09:48:46,ADGE_INTEGRATION_SVC_FIN
300000357539957,01-2026,100001476059128,422911 - Computer SW licenses-and  Renewal,214278,2026,2026-01-22 09:42:37,ADGE_INTEGRATION_SVC_FIN
300000357539957,01-2026,100001476059132,425252 - Rental - Computer SW-Rental/Subscription - Computer SW,5300,2026,2026-01-22 09:42:37,ADGE_INTEGRATION_SVC_FIN
300000357539974,01-2026,100001476059158,422911 - Computer SW licenses-and  Renewal,4149728,2026,2026-07-29 07:23:58,ADGE_INTEGRATION_SVC_FIN
300000357539974,01-2026,100001476059159,491320 - Hardware & peripherals - Capital Expenditure,5845048,2026,2026-07-29 07:23:58,ADGE_INTEGRATION_SVC_FIN
300000357539974,01-2026,100001476059160,422212 - IT Systems - Support expenses-Application/Systems Operation,99000,2026,2026-07-29 07:23:58,ADGE_INTEGRATION_SVC_FIN
300000357539974,01-2026,100001476059161,491356 - Hardware & peripherals-Network Devices - Capital Expenditure,990000,2026,2026-07-29 07:23:58,ADGE_INTEGRATION_SVC_FIN
300000357539974,01-2026,100001476059163,491320 - Hardware & peripherals - Capital Expenditure,263765,2026,2026-07-29 07:23:58,ADGE_INTEGRATION_SVC_FIN
300000357539974,01-2026,300000682374709,422212 - IT Systems - Support expenses-Application/Systems Operation,272000,2026,2026-07-29 07:23:58,ADGE_INTEGRATION_SVC_FIN
300000357539974,01-2026,300002021130567,"424231 - Events - Awards, prizes and gifts",72000,2026,2026-07-29 07:23:58,ADGE_INTEGRATION_SVC_FIN
300000357539974,07-2026,100001476059159,491320 - Hardware & peripherals - Capital Expenditure,220000,2026,2026-07-29 07:23:58,ADGE_INTEGRATION_SVC_FIN
300000357539974,07-2026,100001476059161,491356 - Hardware & peripherals-Network Devices - Capital Expenditure,90000,2026,2026-07-29 07:23:58,ADGE_INTEGRATION_SVC_FIN
300000357539992,01-2026,100001476059193,422218 - Cloud-Infrastructure,15192866,2026,2026-08-05 11:46:57,ADGE_INTEGRATION_SVC_FIN
300000357539992,01-2026,100001476059196,422212 - IT Systems - Support expenses-Application/Systems Operation,8857748,2026,2026-08-05 11:46:57,ADGE_INTEGRATION_SVC_FIN
300000357539992,01-2026,100001476059197,491356 - Hardware & peripherals-Network Devices - Capital Expenditure,120000,2026,2026-08-05 11:46:57,ADGE_INTEGRATION_SVC_FIN
300000357539992,01-2026,100001476059198,491356 - Hardware & peripherals-Network Devices - Capital Expenditure,4976483,2026,2026-08-05 11:46:57,ADGE_INTEGRATION_SVC_FIN
300000357539992,01-2026,100001476059199,425252 - Rental - Computer SW-Rental/Subscription - Computer SW,14028675,2026,2026-08-05 11:46:57,ADGE_INTEGRATION_SVC_FIN
300000357539992,01-2026,300000682374715,422212 - IT Systems - Support expenses-Application/Systems Operation,42000,2026,2026-08-05 11:46:57,ADGE_INTEGRATION_SVC_FIN
300000357540028,01-2026,300000696256395,461412 - Support to AD tourism development program,2426558,2026,2026-05-05 12:38:08,hkaddoura@dctabudhabi.ae
300000357540028,02-2026,300000696256395,461412 - Support to AD tourism development program,'-426558,2026,2026-05-05 12:38:08,hkaddoura@dctabudhabi.ae
300000357540064,01-2026,300000696256431,461412 - Support to AD tourism development program,500000,2026,2026-04-08 13:41:25,ADGE_INTEGRATION_SVC_FIN
300000357540100,01-2026,100001476059298,421125 - Professional Operational Service  expenses,3000,2026,2026-07-09 10:05:28,ADGE_INTEGRATION_SVC_FIN
300000357540100,01-2026,100001476059300,"424521 - Manpower supply ""Other Than IT Related""",493425,2026,2026-07-09 10:05:28,ADGE_INTEGRATION_SVC_FIN
300000357540100,01-2026,100001476059301,423821 - Business Travel - Per Diem Allowances,1200,2026,2026-07-09 10:05:28,ADGE_INTEGRATION_SVC_FIN
300000357540100,01-2026,100001476059303,"422401 - Conferences, seminars, exhib ,events: -deactivate",32575,2026,2026-07-09 10:05:28,ADGE_INTEGRATION_SVC_FIN
300000357540118,01-2026,100001476059324,421125 - Professional Operational Service  expenses,11000,2026,2026-02-23 12:24:57,ADGE_INTEGRATION_SVC_FIN
300000357540118,01-2026,100001476059327,423821 - Business Travel - Per Diem Allowances,169450.5,2026,2026-02-23 12:24:57,ADGE_INTEGRATION_SVC_FIN
300000357540171,01-2026,100001476059377,"422401 - Conferences, seminars, exhib ,events: -deactivate",3277156,2026,2026-07-07 06:19:57,ADGE_INTEGRATION_SVC_FIN
300000357540188,01-2026,300000491628978,421125 - Professional Operational Service  expenses,16729,2026,2026-05-11 11:31:51,ADGE_INTEGRATION_SVC_FIN
300000357540188,01-2026,300000491628982,"422401 - Conferences, seminars, exhib ,events: -deactivate",755632,2026,2026-05-11 11:31:51,ADGE_INTEGRATION_SVC_FIN
300000357540188,01-2026,300000491628986,424761 - Entertainment and hospitality,810373,2026,2026-05-11 11:31:51,ADGE_INTEGRATION_SVC_FIN
300000357540188,01-2026,300000491628990,"422401 - Conferences, seminars, exhib ,events: -deactivate",386192,2026,2026-05-11 11:31:51,ADGE_INTEGRATION_SVC_FIN
300000357540188,01-2026,300000491628994,"422401 - Conferences, seminars, exhib ,events: -deactivate",5000000,2026,2026-05-11 11:31:51,ADGE_INTEGRATION_SVC_FIN
300000357540188,01-2026,300000533360270,422511 - Advertising Services (General),492887,2026,2026-05-11 11:31:51,ADGE_INTEGRATION_SVC_FIN
300000357540188,01-2026,300001091696952,"424521 - Manpower supply ""Other Than IT Related""",212000,2026,2026-05-11 11:31:51,ADGE_INTEGRATION_SVC_FIN
300000357540205,01-2026,100001476059454,424790 - Printing and publishing (to be deactivated,470100,2026,2026-08-06 08:26:41,ADGE_INTEGRATION_SVC_FIN
300000357540205,01-2026,300000539085763,421123 - Strategic planning consultancy  expenses,53800,2026,2026-08-06 08:26:41,ADGE_INTEGRATION_SVC_FIN
300000357540258,01-2026,100001476059532,"424521 - Manpower supply ""Other Than IT Related""",1800000,2026,2026-07-16 09:43:18,ADGE_INTEGRATION_SVC_FIN
300000357540258,01-2026,100001796736847,424761 - Entertainment and hospitality,80000,2026,2026-07-16 09:43:18,ADGE_INTEGRATION_SVC_FIN
300000357540258,01-2026,100001796736848,423821 - Business Travel - Per Diem Allowances,170000,2026,2026-07-16 09:43:18,ADGE_INTEGRATION_SVC_FIN
300000357540258,01-2026,300000500716050,421125 - Professional Operational Service  expenses,20000,2026,2026-07-16 09:43:18,ADGE_INTEGRATION_SVC_FIN
300000357540258,01-2026,300000539324732,422511 - Advertising Services (General),1998600,2026,2026-07-16 09:43:18,ADGE_INTEGRATION_SVC_FIN
300000357540313,01-2026,300000491628582,"424231 - Events - Awards, prizes and gifts",40000,2026,2026-04-23 09:01:37,ADGE_INTEGRATION_SVC_FIN
300000357540313,01-2026,300000491628637,424761 - Entertainment and hospitality,200000,2026,2026-04-23 09:01:37,ADGE_INTEGRATION_SVC_FIN
300000357540313,01-2026,300000491628649,421115 - Academic Advisory Service  expenses,650000,2026,2026-04-23 09:01:37,ADGE_INTEGRATION_SVC_FIN
300000357540313,01-2026,300000491628671,"422401 - Conferences, seminars, exhib ,events: -deactivate",1500000,2026,2026-04-23 09:01:37,ADGE_INTEGRATION_SVC_FIN
300000357540313,01-2026,300000491628676,"424231 - Events - Awards, prizes and gifts",1500000,2026,2026-04-23 09:01:37,ADGE_INTEGRATION_SVC_FIN
300000357540313,01-2026,300000494589048,"424671 - Freight and shipping costs, not elsewhere",244100,2026,2026-04-23 09:01:37,ADGE_INTEGRATION_SVC_FIN
300000357540330,01-2026,300000543336286,422511 - Advertising Services (General),350000,2026,2026-03-05 22:19:13,ADGE_INTEGRATION_SVC_FIN
300000357540365,01-2026,100001476059675,422211 -  IT Systems- Support expenses:Maintenance,900000,2026,2026-07-23 05:39:59,ADGE_INTEGRATION_SVC_FIN
300000357540365,01-2026,300000486740568,491211 - Capital expense - Buildings,42801,2026,2026-07-23 05:39:59,ADGE_INTEGRATION_SVC_FIN
300000357540418,01-2026,100001476059765,"422401 - Conferences, seminars, exhib ,events: -deactivate",10900000,2026,2026-02-18 08:21:13,ADGE_INTEGRATION_SVC_FIN
300000357540436,01-2026,100001476059783,"425112 - Rental - Buildings, other than staff residences",6882554,2026,2026-08-10 10:23:52,ADGE_INTEGRATION_SVC_FIN
300000357540453,01-2026,100001476059803,424761 - Entertainment and hospitality,103912,2026,2026-02-27 07:47:44,ADGE_INTEGRATION_SVC_FIN
300000357540453,01-2026,100001476059805,423821 - Business Travel - Per Diem Allowances,87555,2026,2026-02-27 07:47:44,ADGE_INTEGRATION_SVC_FIN
300000357540625,01-2026,100001476060079,424811 - Sponsorship expenses/contributions,4000000,2026,2026-01-21 18:22:01,ADGE_INTEGRATION_SVC_FIN
300000357540642,01-2026,100001476060099,"422401 - Conferences, seminars, exhib ,events: -deactivate",43384000,2026,2026-08-06 11:57:59,ADGE_INTEGRATION_SVC_FIN
300000357540642,01-2026,100001476060100,"425112 - Rental - Buildings, other than staff residences",975609,2026,2026-08-06 11:57:59,ADGE_INTEGRATION_SVC_FIN
300000357540678,01-2026,100001476060122,"422401 - Conferences, seminars, exhib ,events: -deactivate",8203557,2026,2026-06-08 11:01:56,ADGE_INTEGRATION_SVC_FIN
300000357540696,01-2026,100001476060140,423411 - General research  expenses,206950,2026,2026-03-02 19:19:57,ADGE_INTEGRATION_SVC_FIN
300000357540696,01-2026,300000533408717,424781 - Public relations expenses,25000,2026,2026-03-02 19:19:57,ADGE_INTEGRATION_SVC_FIN
300000357540800,01-2026,100001476060354,424781 - Public relations expenses,4807087,2026,2026-02-27 13:38:51,ADGE_INTEGRATION_SVC_FIN
300000357540817,01-2026,300000491465592,424761 - Entertainment and hospitality,100000,2026,2026-06-08 11:54:33,ADGE_INTEGRATION_SVC_FIN
300000357540817,01-2026,300000491465596,"424521 - Manpower supply ""Other Than IT Related""",460500,2026,2026-06-08 11:54:33,ADGE_INTEGRATION_SVC_FIN
300000357540817,01-2026,300000491465643,423821 - Business Travel - Per Diem Allowances,385000,2026,2026-06-08 11:54:33,ADGE_INTEGRATION_SVC_FIN
300000357540817,01-2026,300000520753274,421125 - Professional Operational Service  expenses,100069,2026,2026-06-08 11:54:33,ADGE_INTEGRATION_SVC_FIN
300000357540834,01-2026,100001476060416,425252 - Rental - Computer SW-Rental/Subscription - Computer SW,6542255.5,2026,2026-07-15 09:52:01,ADGE_INTEGRATION_SVC_FIN
300000357540834,01-2026,100001476060419,422212 - IT Systems - Support expenses-Application/Systems Operation,6798260,2026,2026-07-15 09:52:01,ADGE_INTEGRATION_SVC_FIN
300000357540834,01-2026,100001764759334,"493140 - Computer software-Application, Platform - Capital Expenditure",350000,2026,2026-07-15 09:52:01,ADGE_INTEGRATION_SVC_FIN
300000357540851,01-2026,300000491465651,422511 - Advertising Services (General),371330,2026,2026-06-09 10:23:32,ADGE_INTEGRATION_SVC_FIN
300000357540868,01-2026,100001476060480,491811 - Heritage culture assts,1077724774,2026,2026-07-15 08:13:39,ADGE_INTEGRATION_SVC_FIN
300000357540921,01-2026,100001476060607,"422401 - Conferences, seminars, exhib ,events: -deactivate",12085000,2026,2026-02-16 12:12:04,ADGE_INTEGRATION_SVC_FIN
300000357540955,01-2026,100001476060629,423531 - International sports Events,5000000,2026,2026-03-04 11:43:43,ADGE_INTEGRATION_SVC_FIN
300000357553007,01-2026,300000521152079,"424521 - Manpower supply ""Other Than IT Related""",219000,2026,2026-02-19 13:34:17,ADGE_INTEGRATION_SVC_FIN
300000357553024,01-2026,100001476060709,"422401 - Conferences, seminars, exhib ,events: -deactivate",11932500,2026,2026-06-08 10:59:09,ADGE_INTEGRATION_SVC_FIN
300000357553060,01-2026,100001476060731,"424521 - Manpower supply ""Other Than IT Related""",120000,2026,2026-07-20 13:21:44,ADGE_INTEGRATION_SVC_FIN
300000357553060,01-2026,300000526286037,"424521 - Manpower supply ""Other Than IT Related""",1030300,2026,2026-07-20 13:21:44,ADGE_INTEGRATION_SVC_FIN
300000357553060,01-2026,300002246633712,491211 - Capital expense - Buildings,350000,2026,2026-07-20 13:21:44,ADGE_INTEGRATION_SVC_FIN
300000357553077,01-2026,100001476060849,"424521 - Manpower supply ""Other Than IT Related""",780000,2026,2026-02-22 11:11:37,ADGE_INTEGRATION_SVC_FIN
300000357553146,01-2026,100001476060990,431113 - Library books supplies,853250,2026,2026-07-13 11:39:02,ADGE_INTEGRATION_SVC_FIN
300000357553146,01-2026,100001476060991,424131 - License Fee support - Related business,2071750,2026,2026-07-13 11:39:02,ADGE_INTEGRATION_SVC_FIN
300000357553163,01-2026,300000539085771,"422401 - Conferences, seminars, exhib ,events: -deactivate",295920,2026,2026-04-08 20:28:18,ADGE_INTEGRATION_SVC_FIN
300000357553180,01-2026,100001476061038,421125 - Professional Operational Service  expenses,324000,2026,2026-04-13 09:09:25,ADGE_INTEGRATION_SVC_FIN
300000357553180,01-2026,100001476061041,"422401 - Conferences, seminars, exhib ,events: -deactivate",2736682,2026,2026-04-13 09:09:25,ADGE_INTEGRATION_SVC_FIN
300000357553180,01-2026,100001476061047,"424521 - Manpower supply ""Other Than IT Related""",215784,2026,2026-04-13 09:09:25,ADGE_INTEGRATION_SVC_FIN
300000357553180,01-2026,100001476061052,423821 - Business Travel - Per Diem Allowances,451500,2026,2026-04-13 09:09:25,ADGE_INTEGRATION_SVC_FIN
300000357553197,01-2026,100001476061101,"424231 - Events - Awards, prizes and gifts",153000,2026,2026-01-22 10:08:07,ADGE_INTEGRATION_SVC_FIN
300000357553197,01-2026,100001476061105,424791 - Printing and publishing,306000,2026,2026-01-22 10:08:07,ADGE_INTEGRATION_SVC_FIN
300000357553214,01-2026,100001476061141,"424521 - Manpower supply ""Other Than IT Related""",806597,2026,2026-04-13 09:08:10,ADGE_INTEGRATION_SVC_FIN
300000357553214,01-2026,100001476061142,"424671 - Freight and shipping costs, not elsewhere",459900,2026,2026-04-13 09:08:10,ADGE_INTEGRATION_SVC_FIN
300000357553214,01-2026,100001476061146,431512 - Heritage and historical,2864925,2026,2026-04-13 09:08:10,ADGE_INTEGRATION_SVC_FIN
300000357553231,01-2026,100001476061187,"424521 - Manpower supply ""Other Than IT Related""",1230864,2026,2026-07-20 13:20:23,ADGE_INTEGRATION_SVC_FIN
300000357553231,01-2026,100001476061188,"424671 - Freight and shipping costs, not elsewhere",49405,2026,2026-07-20 13:20:23,ADGE_INTEGRATION_SVC_FIN
300000357553231,01-2026,100001476061195,422511 - Advertising Services (General),550000,2026,2026-07-20 13:20:23,ADGE_INTEGRATION_SVC_FIN
300000357553231,01-2026,300002246633718,491211 - Capital expense - Buildings,1065000,2026,2026-07-20 13:20:23,ADGE_INTEGRATION_SVC_FIN
300000357553248,01-2026,300000546601645,424791 - Printing and publishing,121500,2026,2026-04-22 10:57:00,ADGE_INTEGRATION_SVC_FIN
300000357553282,01-2026,100001764759358,"426427 - Maintenance & repair-Exhibition Stands, etc",50000,2026,2026-02-26 18:55:03,ADGE_INTEGRATION_SVC_FIN
300000357553282,01-2026,100001764759359,422311 - Cleaning Services: Business premises,183000,2026,2026-02-26 18:55:03,ADGE_INTEGRATION_SVC_FIN
300000357553282,01-2026,100001764759361,"425112 - Rental - Buildings, other than staff residences",3826680,2026,2026-02-26 18:55:03,ADGE_INTEGRATION_SVC_FIN
300000357553282,01-2026,100001764759362,491711 - Furniture & Fixtures - Offices - Capital Expenditure,285000,2026,2026-02-26 18:55:03,ADGE_INTEGRATION_SVC_FIN
300000357553282,01-2026,100001764759363,426212 - Bldg maintenance-Business premises,167000,2026,2026-02-26 18:55:03,ADGE_INTEGRATION_SVC_FIN
300000357553300,01-2026,100001764759413,"426427 - Maintenance & repair-Exhibition Stands, etc",12000,2026,2026-02-26 18:48:32,ADGE_INTEGRATION_SVC_FIN
300000357553300,01-2026,100001764759414,422311 - Cleaning Services: Business premises,67200,2026,2026-02-26 18:48:32,ADGE_INTEGRATION_SVC_FIN
300000357553300,01-2026,100001764759415,"425112 - Rental - Buildings, other than staff residences",624104,2026,2026-02-26 18:48:32,ADGE_INTEGRATION_SVC_FIN
300000357553300,01-2026,100001764759416,424761 - Entertainment and hospitality,60000,2026,2026-02-26 18:48:32,ADGE_INTEGRATION_SVC_FIN
300000357553300,01-2026,100001764759417,491711 - Furniture & Fixtures - Offices - Capital Expenditure,143000,2026,2026-02-26 18:48:32,ADGE_INTEGRATION_SVC_FIN
300000357553300,01-2026,100001764759418,426212 - Bldg maintenance-Business premises,13200,2026,2026-02-26 18:48:32,ADGE_INTEGRATION_SVC_FIN
300000357553371,01-2026,100001476061590,461412 - Support to AD tourism development program,499226,2026,2026-08-04 07:16:52,ADGE_INTEGRATION_SVC_FIN
300000357553389,01-2026,100001476061607,461412 - Support to AD tourism development program,2307800,2026,2026-08-07 10:10:08,ADGE_INTEGRATION_SVC_FIN
300000357553443,01-2026,100001476061646,461412 - Support to AD tourism development program,5762693,2026,2026-08-05 07:00:33,ADGE_INTEGRATION_SVC_FIN
300000357553443,01-2026,300000696256295,461412 - Support to AD tourism development program,1237307,2026,2026-08-05 07:00:33,ADGE_INTEGRATION_SVC_FIN
300000357553497,01-2026,100001476061685,461412 - Support to AD tourism development program,9110327,2026,2026-08-06 10:58:34,ADGE_INTEGRATION_SVC_FIN
300000357553497,01-2026,300000696256352,461412 - Support to AD tourism development program,105621,2026,2026-08-06 10:58:34,ADGE_INTEGRATION_SVC_FIN
300000357553551,01-2026,300000696256435,461412 - Support to AD tourism development program,224400,2026,2026-07-22 09:53:46,ADGE_INTEGRATION_SVC_FIN
300000357553551,01-2026,300002563428989,461412 - Support to AD tourism development program,1670100,2026,2026-07-22 09:53:46,ADGE_INTEGRATION_SVC_FIN
300000357553587,01-2026,100001476061752,461412 - Support to AD tourism development program,909900,2026,2026-08-07 07:53:20,ADGE_INTEGRATION_SVC_FIN
300000357553587,01-2026,300000696256378,461412 - Support to AD tourism development program,358050,2026,2026-08-07 07:53:20,ADGE_INTEGRATION_SVC_FIN
300000357553605,01-2026,100001476061769,461412 - Support to AD tourism development program,4496960,2026,2026-07-28 12:53:34,ADGE_INTEGRATION_SVC_FIN
300000357553677,01-2026,100001476061821,424811 - Sponsorship expenses/contributions,800000,2026,2026-01-21 18:19:14,ADGE_INTEGRATION_SVC_FIN
300000357553713,01-2026,100001476061852,432626 - Music Band related items,350000,2026,2026-08-06 08:25:26,ADGE_INTEGRATION_SVC_FIN
300000357553713,01-2026,100001476061856,"422401 - Conferences, seminars, exhib ,events: -deactivate",360000,2026,2026-08-06 08:25:26,ADGE_INTEGRATION_SVC_FIN
300000357553713,01-2026,100001476061858,"424521 - Manpower supply ""Other Than IT Related""",1300000,2026,2026-08-06 08:25:26,ADGE_INTEGRATION_SVC_FIN
300000357553874,01-2026,100001764759509,491811 - Heritage culture assts,9819675,2026,2026-07-12 11:17:20,ADGE_INTEGRATION_SVC_FIN
300000357553874,01-2026,100001764759510,491811 - Heritage culture assts,9581000,2026,2026-07-12 11:17:20,ADGE_INTEGRATION_SVC_FIN
300000357553874,01-2026,100001764759512,"422401 - Conferences, seminars, exhib ,events: -deactivate",69260353,2026,2026-07-12 11:17:20,ADGE_INTEGRATION_SVC_FIN
300000357553874,01-2026,100001764759513,"424521 - Manpower supply ""Other Than IT Related""",300000,2026,2026-07-12 11:17:20,ADGE_INTEGRATION_SVC_FIN
300000357553874,01-2026,100001764759514,"424521 - Manpower supply ""Other Than IT Related""",3308148,2026,2026-07-12 11:17:20,ADGE_INTEGRATION_SVC_FIN
300000357553874,01-2026,100001764759515,424761 - Entertainment and hospitality,900000,2026,2026-07-12 11:17:20,ADGE_INTEGRATION_SVC_FIN
300000357553874,01-2026,100001764759517,"491351 - Plant,Machinery&Equip - Workshop equipment - Capital Expenditure",8099325,2026,2026-07-12 11:17:20,ADGE_INTEGRATION_SVC_FIN
300000357553874,01-2026,100001764759518,421123 - Strategic planning consultancy  expenses,21542498,2026,2026-07-12 11:17:20,ADGE_INTEGRATION_SVC_FIN
300000357553910,01-2026,100001476062377,421125 - Professional Operational Service  expenses,1163427,2026,2026-07-22 08:02:38,ADGE_INTEGRATION_SVC_FIN
300000357553910,01-2026,100001476062382,"424521 - Manpower supply ""Other Than IT Related""",1973105,2026,2026-07-22 08:02:38,ADGE_INTEGRATION_SVC_FIN
300000357553910,01-2026,100001476062386,423821 - Business Travel - Per Diem Allowances,849645,2026,2026-07-22 08:02:38,ADGE_INTEGRATION_SVC_FIN
300000357553910,01-2026,100001476062389,421123 - Strategic planning consultancy  expenses,1340015,2026,2026-07-22 08:02:38,ADGE_INTEGRATION_SVC_FIN
300000357553910,01-2026,100001476062390,"422401 - Conferences, seminars, exhib ,events: -deactivate",1250000,2026,2026-07-22 08:02:38,ADGE_INTEGRATION_SVC_FIN
300000357553945,01-2026,100001476062449,421125 - Professional Operational Service  expenses,204000,2026,2026-07-20 13:12:01,ADGE_INTEGRATION_SVC_FIN
300000357553945,01-2026,100001476062450,491711 - Furniture & Fixtures - Offices - Capital Expenditure,1716263,2026,2026-07-20 13:12:01,ADGE_INTEGRATION_SVC_FIN
300000357553945,01-2026,100001476062453,423821 - Business Travel - Per Diem Allowances,355000,2026,2026-07-20 13:12:01,ADGE_INTEGRATION_SVC_FIN
300000357553945,01-2026,300000516202630,424761 - Entertainment and hospitality,100000,2026,2026-07-20 13:12:01,ADGE_INTEGRATION_SVC_FIN
300000357553945,01-2026,300000516202661,"424521 - Manpower supply ""Other Than IT Related""",12258494,2026,2026-07-20 13:12:01,ADGE_INTEGRATION_SVC_FIN
300000357553945,01-2026,300001718595602,425252 - Rental - Computer SW-Rental/Subscription - Computer SW,537302,2026,2026-07-20 13:12:01,ADGE_INTEGRATION_SVC_FIN
300000357553980,01-2026,100001476062544,"422401 - Conferences, seminars, exhib ,events: -deactivate",10262189,2026,2026-08-10 14:10:40,ADGE_INTEGRATION_SVC_FIN
300000357553980,01-2026,100001476062546,"422401 - Conferences, seminars, exhib ,events: -deactivate",22020000,2026,2026-08-10 14:10:40,ADGE_INTEGRATION_SVC_FIN
300000357553980,01-2026,300000488192206,"422401 - Conferences, seminars, exhib ,events: -deactivate",1353985,2026,2026-08-10 14:10:40,ADGE_INTEGRATION_SVC_FIN
300000357553998,01-2026,300000488192184,"424521 - Manpower supply ""Other Than IT Related""",4967771,2026,2026-02-17 06:34:48,ADGE_INTEGRATION_SVC_FIN
300000357569016,01-2026,100001796737012,"424521 - Manpower supply ""Other Than IT Related""",617109,2026,2026-07-28 13:18:59,ADGE_INTEGRATION_SVC_FIN
300000357569016,01-2026,100001796737015,421123 - Strategic planning consultancy  expenses,555000,2026,2026-07-28 13:18:59,ADGE_INTEGRATION_SVC_FIN
300000357569085,01-2026,300000494510229,424791 - Printing and publishing,8100,2026,2026-07-10 09:46:11,ADGE_INTEGRATION_SVC_FIN
300000357569085,01-2026,300000494510233,431114 - Text books and library books,30000,2026,2026-07-10 09:46:11,ADGE_INTEGRATION_SVC_FIN
300000357569085,01-2026,300000494510237,424791 - Printing and publishing,50000,2026,2026-07-10 09:46:11,ADGE_INTEGRATION_SVC_FIN
300000357569085,01-2026,300000494510241,"422401 - Conferences, seminars, exhib ,events: -deactivate",50000,2026,2026-07-10 09:46:11,ADGE_INTEGRATION_SVC_FIN
300000357569085,01-2026,300000494510245,"422951 - Other licenses, not mentioned elsewhere",130000,2026,2026-07-10 09:46:11,ADGE_INTEGRATION_SVC_FIN
300000357569085,01-2026,300000494510249,424791 - Printing and publishing,148923,2026,2026-07-10 09:46:11,ADGE_INTEGRATION_SVC_FIN
300000357569085,01-2026,300000494510253,424761 - Entertainment and hospitality,107500,2026,2026-07-10 09:46:11,ADGE_INTEGRATION_SVC_FIN
300000357569154,01-2026,100001476062892,"421119 - IT consultancy, not software develop",1360000,2026,2026-08-06 13:15:48,ADGE_INTEGRATION_SVC_FIN
300000357569154,01-2026,100001476062893,"424521 - Manpower supply ""Other Than IT Related""",500000,2026,2026-08-06 13:15:48,ADGE_INTEGRATION_SVC_FIN
300000357569154,01-2026,100001476062894,423411 - General research  expenses,643201,2026,2026-08-06 13:15:48,ADGE_INTEGRATION_SVC_FIN
300000357569190,01-2026,100001764759804,421125 - Professional Operational Service  expenses,67035,2026,2026-08-10 06:32:13,ADGE_INTEGRATION_SVC_FIN
300000357569190,01-2026,100001764759805,421125 - Professional Operational Service  expenses,1176480,2026,2026-08-10 06:32:13,ADGE_INTEGRATION_SVC_FIN
300000357569190,01-2026,100001764759806,"424521 - Manpower supply ""Other Than IT Related""",150000,2026,2026-08-10 06:32:13,ADGE_INTEGRATION_SVC_FIN
300000357569190,01-2026,100001764759807,"424521 - Manpower supply ""Other Than IT Related""",724400,2026,2026-08-10 06:32:13,ADGE_INTEGRATION_SVC_FIN
300000357569190,01-2026,100001764759808,423821 - Business Travel - Per Diem Allowances,129410,2026,2026-08-10 06:32:13,ADGE_INTEGRATION_SVC_FIN
300000357569207,01-2026,100001476062960,"424231 - Events - Awards, prizes and gifts",2874819,2026,2026-08-03 12:44:45,ADGE_INTEGRATION_SVC_FIN
300000357569296,01-2026,100001476063069,424131 - License Fee support - Related business,3476875,2026,2026-05-18 06:14:56,ADGE_INTEGRATION_SVC_FIN
300000357569296,01-2026,100001476063075,423411 - General research  expenses,5645290,2026,2026-05-18 06:14:56,ADGE_INTEGRATION_SVC_FIN
300000357569332,01-2026,100001476063111,424131 - License Fee support - Related business,315000,2026,2026-02-17 06:35:48,ADGE_INTEGRATION_SVC_FIN
300000357569332,01-2026,300000488192180,"424521 - Manpower supply ""Other Than IT Related""",2099999.6,2026,2026-02-17 06:35:48,ADGE_INTEGRATION_SVC_FIN
300000357569350,01-2026,100001476063132,"424521 - Manpower supply ""Other Than IT Related""",9587202,2026,2026-06-30 04:00:18,sqawasmeh@dctabudhabi.ae
300000357569350,01-2026,100001476063133,"421119 - IT consultancy, not software develop",9740000,2026,2026-06-30 04:00:18,sqawasmeh@dctabudhabi.ae
300000357569350,02-2026,100001476063133,"421119 - IT consultancy, not software develop",2450000,2026,2026-06-30 04:00:18,sqawasmeh@dctabudhabi.ae
300000357569367,01-2026,100001476063163,421125 - Professional Operational Service  expenses,4000000,2026,2026-07-29 05:17:37,ADGE_INTEGRATION_SVC_FIN
300000357569367,01-2026,100001764759954,421125 - Professional Operational Service  expenses,950000,2026,2026-07-29 05:17:37,ADGE_INTEGRATION_SVC_FIN
300000357569367,01-2026,100001764759955,"424521 - Manpower supply ""Other Than IT Related""",14313045,2026,2026-07-29 05:17:37,ADGE_INTEGRATION_SVC_FIN
300000357569367,01-2026,100001764759956,"493140 - Computer software-Application, Platform - Capital Expenditure",41961000.86,2026,2026-07-29 05:17:37,ADGE_INTEGRATION_SVC_FIN
300000357569418,01-2026,100001476063276,"422401 - Conferences, seminars, exhib ,events: -deactivate",107164119,2026,2026-07-14 04:53:15,sqawasmeh@dctabudhabi.ae
300000357569418,02-2026,100001476063276,"422401 - Conferences, seminars, exhib ,events: -deactivate",'-10900000,2026,2026-07-14 04:53:15,sqawasmeh@dctabudhabi.ae
300000357569452,01-2026,100001764759883,"426427 - Maintenance & repair-Exhibition Stands, etc",3000,2026,2026-03-30 07:55:16,ADGE_INTEGRATION_SVC_FIN
300000357569452,01-2026,100001764759884,422311 - Cleaning Services: Business premises,74400,2026,2026-03-30 07:55:16,ADGE_INTEGRATION_SVC_FIN
300000357569452,01-2026,100001764759886,424761 - Entertainment and hospitality,64000,2026,2026-03-30 07:55:16,ADGE_INTEGRATION_SVC_FIN
300000357569452,01-2026,100001764759887,491711 - Furniture & Fixtures - Offices - Capital Expenditure,19000,2026,2026-03-30 07:55:16,ADGE_INTEGRATION_SVC_FIN
300000357569452,01-2026,100001764759888,426212 - Bldg maintenance-Business premises,60000,2026,2026-03-30 07:55:16,ADGE_INTEGRATION_SVC_FIN
300000357569452,01-2026,100001764759889,424551 - Security service  expenses,102000,2026,2026-03-30 07:55:16,ADGE_INTEGRATION_SVC_FIN
300000357569470,01-2026,300000491628641,424761 - Entertainment and hospitality,250000,2026,2026-04-01 05:27:05,ADGE_INTEGRATION_SVC_FIN
300000357569470,01-2026,300000491628653,421115 - Academic Advisory Service  expenses,600000,2026,2026-04-01 05:27:05,ADGE_INTEGRATION_SVC_FIN
300000357569470,01-2026,300000491628690,"424231 - Events - Awards, prizes and gifts",2385000,2026,2026-04-01 05:27:05,ADGE_INTEGRATION_SVC_FIN
300000357569470,01-2026,300000491628697,"422401 - Conferences, seminars, exhib ,events: -deactivate",2000700,2026,2026-04-01 05:27:05,ADGE_INTEGRATION_SVC_FIN
300000357569523,01-2026,300000697332531,"424521 - Manpower supply ""Other Than IT Related""",8428800,2026,2026-07-23 05:41:16,ADGE_INTEGRATION_SVC_FIN
300000357569542,01-2026,100001764759936,"424671 - Freight and shipping costs, not elsewhere",2165833,2026,2026-08-07 06:53:34,ADGE_INTEGRATION_SVC_FIN
300000357569577,01-2026,100001476063517,"426427 - Maintenance & repair-Exhibition Stands, etc",73310,2026,2026-02-22 12:46:30,ADGE_INTEGRATION_SVC_FIN
300000357569577,01-2026,100001476063519,422311 - Cleaning Services: Business premises,47222.1,2026,2026-02-22 12:46:30,ADGE_INTEGRATION_SVC_FIN
300000357569577,01-2026,100001476063520,432614 - Landscaping and other horticulturematerials,45624.44,2026,2026-02-22 12:46:30,ADGE_INTEGRATION_SVC_FIN
300000357569577,01-2026,100001476063521,426212 - Bldg maintenance-Business premises,31225.16,2026,2026-02-22 12:46:30,ADGE_INTEGRATION_SVC_FIN
300000357569577,01-2026,100001476063523,422321 - Cleaning and Pest control Services-Public,9730.4,2026,2026-02-22 12:46:30,ADGE_INTEGRATION_SVC_FIN
300000357569577,01-2026,100001476063525,424551 - Security service  expenses,180000,2026,2026-02-22 12:46:30,ADGE_INTEGRATION_SVC_FIN
300000357569577,01-2026,100001476063526,423931 - Consumption charges-Water & Electricity combined,141875.11,2026,2026-02-22 12:46:30,ADGE_INTEGRATION_SVC_FIN
300000357569577,01-2026,100001476063527,424591 - Waste management service,5544.9,2026,2026-02-22 12:46:30,ADGE_INTEGRATION_SVC_FIN
300000357569595,01-2026,300000549316537,422511 - Advertising Services (General),700000,2026,2026-07-10 09:33:25,ADGE_INTEGRATION_SVC_FIN
300000357569613,01-2026,100001476063606,"422401 - Conferences, seminars, exhib ,events: -deactivate",2000000,2026,2026-02-22 12:41:46,ADGE_INTEGRATION_SVC_FIN
300000357569703,01-2026,100001476063716,423821 - Business Travel - Per Diem Allowances,71800,2026,2026-03-25 13:49:33,ADGE_INTEGRATION_SVC_FIN
300000357569703,01-2026,100001764760034,421125 - Professional Operational Service  expenses,5095000,2026,2026-03-25 13:49:33,ADGE_INTEGRATION_SVC_FIN
300000357569703,01-2026,100001764760035,424131 - License Fee support - Related business,350500,2026,2026-03-25 13:49:33,ADGE_INTEGRATION_SVC_FIN
300000357569721,01-2026,100001476063840,424811 - Sponsorship expenses/contributions,2665485,2026,2026-07-17 06:24:34,ADGE_INTEGRATION_SVC_FIN
300000357569739,01-2026,300000491648800,424811 - Sponsorship expenses/contributions,179000000,2026,2026-02-03 06:09:31,ADGE_INTEGRATION_SVC_FIN
300000357569757,01-2026,300000494510325,424701 - Translation and interpretation service,921000,2026,2026-02-01 12:03:02,ADGE_INTEGRATION_SVC_FIN
300000357569774,01-2026,100001476063893,"422401 - Conferences, seminars, exhib ,events: -deactivate",30000,2026,2026-02-17 05:02:46,ADGE_INTEGRATION_SVC_FIN
300000357569791,01-2026,100001476063907,"422401 - Conferences, seminars, exhib ,events: -deactivate",150000,2026,2026-03-25 13:54:04,ADGE_INTEGRATION_SVC_FIN
300000357569860,01-2026,100001476064029,421125 - Professional Operational Service  expenses,10000,2026,2026-07-09 11:53:53,ADGE_INTEGRATION_SVC_FIN
300000357569860,01-2026,100001476064030,"424521 - Manpower supply ""Other Than IT Related""",639000,2026,2026-07-09 11:53:53,ADGE_INTEGRATION_SVC_FIN
300000357569860,01-2026,100001476064031,423821 - Business Travel - Per Diem Allowances,87000,2026,2026-07-09 11:53:53,ADGE_INTEGRATION_SVC_FIN
300000357569860,01-2026,100001476064033,"422401 - Conferences, seminars, exhib ,events: -deactivate",80000,2026,2026-07-09 11:53:53,ADGE_INTEGRATION_SVC_FIN
300000357569860,01-2026,300000539324740,"422401 - Conferences, seminars, exhib ,events: -deactivate",1691250,2026,2026-07-09 11:53:53,ADGE_INTEGRATION_SVC_FIN
300000357569878,01-2026,300000491628948,423821 - Business Travel - Per Diem Allowances,196000,2026,2026-06-11 09:06:19,ADGE_INTEGRATION_SVC_FIN
300000357569878,01-2026,300000491628956,424761 - Entertainment and hospitality,75000,2026,2026-06-11 09:06:19,ADGE_INTEGRATION_SVC_FIN
300000357569878,01-2026,300000491628970,"424521 - Manpower supply ""Other Than IT Related""",579000,2026,2026-06-11 09:06:19,ADGE_INTEGRATION_SVC_FIN
300000357569878,01-2026,300000491628974,424701 - Translation and interpretation service,500000,2026,2026-06-11 09:06:19,ADGE_INTEGRATION_SVC_FIN
300000357569878,01-2026,300000494589002,423411 - General research  expenses,1450000,2026,2026-06-11 09:06:19,ADGE_INTEGRATION_SVC_FIN
300000357569878,01-2026,300000494589006,421123 - Strategic planning consultancy  expenses,3535998,2026,2026-06-11 09:06:19,ADGE_INTEGRATION_SVC_FIN
300000357569913,01-2026,100001476064143,422218 - Cloud-Infrastructure,2307907,2026,2026-07-15 08:23:11,ADGE_INTEGRATION_SVC_FIN
300000357569913,01-2026,100001476064151,425252 - Rental - Computer SW-Rental/Subscription - Computer SW,4137473,2026,2026-07-15 08:23:11,ADGE_INTEGRATION_SVC_FIN
300000357569913,01-2026,100001476064152,"493140 - Computer software-Application, Platform - Capital Expenditure",400000,2026,2026-07-15 08:23:11,ADGE_INTEGRATION_SVC_FIN
300000357569913,01-2026,100001476064155,"493140 - Computer software-Application, Platform - Capital Expenditure",2645706,2026,2026-07-15 08:23:11,ADGE_INTEGRATION_SVC_FIN
300000357569913,01-2026,300000682374696,422212 - IT Systems - Support expenses-Application/Systems Operation,189060,2026,2026-07-15 08:23:11,ADGE_INTEGRATION_SVC_FIN
300000357569930,01-2026,100001476064198,421123 - Strategic planning consultancy  expenses,6288189,2026,2026-06-29 12:55:18,ADGE_INTEGRATION_SVC_FIN
300000357569930,01-2026,300000522757663,"424521 - Manpower supply ""Other Than IT Related""",8960003,2026,2026-06-29 12:55:18,ADGE_INTEGRATION_SVC_FIN
300000357569983,01-2026,300000536359034,"422401 - Conferences, seminars, exhib ,events: -deactivate",162000,2026,2026-03-04 06:51:30,ADGE_INTEGRATION_SVC_FIN
300000357572037,01-2026,300000696256192,461412 - Support to AD tourism development program,1620000,2026,2026-05-05 12:42:39,hkaddoura@dctabudhabi.ae
300000357572037,02-2026,300000696256192,461412 - Support to AD tourism development program,'-300000,2026,2026-05-05 12:42:39,hkaddoura@dctabudhabi.ae
300000357572448,01-2026,100001476065180,"424521 - Manpower supply ""Other Than IT Related""",2858860,2026,2026-07-17 05:28:42,ADGE_INTEGRATION_SVC_FIN
300000357572448,01-2026,100001476065182,424761 - Entertainment and hospitality,200000,2026,2026-07-17 05:28:42,ADGE_INTEGRATION_SVC_FIN
300000357572448,01-2026,100001476065186,423821 - Business Travel - Per Diem Allowances,750000,2026,2026-07-17 05:28:42,ADGE_INTEGRATION_SVC_FIN
300000357572448,01-2026,100001476065189,"424991 - Other services, not specifically mentioned elsewhere",153200,2026,2026-07-17 05:28:42,ADGE_INTEGRATION_SVC_FIN
300000357572465,01-2026,100001476065234,424811 - Sponsorship expenses/contributions,3575000,2026,2026-01-21 18:16:42,ADGE_INTEGRATION_SVC_FIN
300000357572482,01-2026,100001476065250,"422401 - Conferences, seminars, exhib ,events: -deactivate",448000,2026,2026-08-06 08:23:26,ADGE_INTEGRATION_SVC_FIN
300000357572482,01-2026,100001476065255,"422401 - Conferences, seminars, exhib ,events: -deactivate",48000,2026,2026-08-06 08:23:26,ADGE_INTEGRATION_SVC_FIN
300000357572482,01-2026,100001476065258,"424521 - Manpower supply ""Other Than IT Related""",491500,2026,2026-08-06 08:23:26,ADGE_INTEGRATION_SVC_FIN
300000357572482,01-2026,100001476065260,422511 - Advertising Services (General),65000,2026,2026-08-06 08:23:26,ADGE_INTEGRATION_SVC_FIN
300000357572482,01-2026,100001476065261,423821 - Business Travel - Per Diem Allowances,75000,2026,2026-08-06 08:23:26,ADGE_INTEGRATION_SVC_FIN
300000357572482,01-2026,100001476065263,424701 - Translation and interpretation service,5000,2026,2026-08-06 08:23:26,ADGE_INTEGRATION_SVC_FIN
300000357572517,01-2026,100001476065330,"424521 - Manpower supply ""Other Than IT Related""",1755387,2026,2026-07-15 09:45:52,ADGE_INTEGRATION_SVC_FIN
300000357572517,01-2026,100001476065333,422212 - IT Systems - Support expenses-Application/Systems Operation,10573671,2026,2026-07-15 09:45:52,ADGE_INTEGRATION_SVC_FIN
300000357572517,01-2026,100001476065340,425252 - Rental - Computer SW-Rental/Subscription - Computer SW,9780969,2026,2026-07-15 09:45:52,ADGE_INTEGRATION_SVC_FIN
300000357572517,01-2026,100001476065342,"493140 - Computer software-Application, Platform - Capital Expenditure",4168874,2026,2026-07-15 09:45:52,ADGE_INTEGRATION_SVC_FIN
300000357572517,01-2026,300000533605436,425301 - Pass Integ platform,8399773,2026,2026-07-15 09:45:52,ADGE_INTEGRATION_SVC_FIN
300000357572517,01-2026,300000682374671,422212 - IT Systems - Support expenses-Application/Systems Operation,666369,2026,2026-07-15 09:45:52,ADGE_INTEGRATION_SVC_FIN
300000357572534,01-2026,100001476065405,425252 - Rental - Computer SW-Rental/Subscription - Computer SW,215000,2026,2026-07-14 10:48:03,ADGE_INTEGRATION_SVC_FIN
300000357572534,01-2026,300001717525802,"424521 - Manpower supply ""Other Than IT Related""",1000000,2026,2026-07-14 10:48:03,ADGE_INTEGRATION_SVC_FIN
300000357572551,01-2026,100001476065422,"422401 - Conferences, seminars, exhib ,events: -deactivate",3038800,2026,2026-02-23 12:22:56,ADGE_INTEGRATION_SVC_FIN
300000357572568,01-2026,100001764760080,424811 - Sponsorship expenses/contributions,73500000,2026,2026-07-03 09:31:51,ADGE_INTEGRATION_SVC_FIN
300000357572568,01-2026,300000776028621,"424521 - Manpower supply ""Other Than IT Related""",4900000,2026,2026-07-03 09:31:51,ADGE_INTEGRATION_SVC_FIN
300000357572640,01-2026,100001476065527,422214 - IT Systems-Support expenses-Network Services Operation,156000,2026,2026-08-05 11:45:49,ADGE_INTEGRATION_SVC_FIN
300000357572640,01-2026,100001476065530,425252 - Rental - Computer SW-Rental/Subscription - Computer SW,1862246.5,2026,2026-08-05 11:45:49,ADGE_INTEGRATION_SVC_FIN
300000357572640,01-2026,100001476065531,422212 - IT Systems - Support expenses-Application/Systems Operation,3484841,2026,2026-08-05 11:45:49,ADGE_INTEGRATION_SVC_FIN
300000357572640,01-2026,100001476065534,"493140 - Computer software-Application, Platform - Capital Expenditure",6159600,2026,2026-08-05 11:45:49,ADGE_INTEGRATION_SVC_FIN
300000357572640,01-2026,100001476065537,422212 - IT Systems - Support expenses-Application/Systems Operation,1558038,2026,2026-08-05 11:45:49,ADGE_INTEGRATION_SVC_FIN
300000357572640,01-2026,100001476065538,"493140 - Computer software-Application, Platform - Capital Expenditure",400000,2026,2026-08-05 11:45:49,ADGE_INTEGRATION_SVC_FIN
300000357572640,01-2026,100001764760094,425301 - Pass Integ platform,589550,2026,2026-08-05 11:45:49,ADGE_INTEGRATION_SVC_FIN
300000357572640,07-2026,100001476065531,422212 - IT Systems - Support expenses-Application/Systems Operation,211000,2026,2026-08-05 11:45:49,ADGE_INTEGRATION_SVC_FIN
300000357572657,01-2026,100001476065603,"422401 - Conferences, seminars, exhib ,events: -deactivate",1100000,2026,2026-06-30 19:09:19,ADGE_INTEGRATION_SVC_FIN
300000357572675,01-2026,100001476065615,421123 - Strategic planning consultancy  expenses,2215889,2026,2026-06-23 11:32:47,ADGE_INTEGRATION_SVC_FIN
300000357572728,01-2026,100001476065655,423411 - General research  expenses,8743370,2026,2026-08-10 10:25:23,ADGE_INTEGRATION_SVC_FIN
300000357572728,01-2026,100001476065656,"422401 - Conferences, seminars, exhib ,events: -deactivate",408783.6,2026,2026-08-10 10:25:23,ADGE_INTEGRATION_SVC_FIN
300000357572728,01-2026,300000516202593,424761 - Entertainment and hospitality,143690,2026,2026-08-10 10:25:23,ADGE_INTEGRATION_SVC_FIN
300000357572798,01-2026,100001476065715,424811 - Sponsorship expenses/contributions,3673000,2026,2026-01-21 18:27:30,ADGE_INTEGRATION_SVC_FIN
300000357572850,01-2026,100001476065792,"422401 - Conferences, seminars, exhib ,events: -deactivate",3847698,2026,2026-06-30 19:09:01,ADGE_INTEGRATION_SVC_FIN
300000357572850,01-2026,100001476065793,"424521 - Manpower supply ""Other Than IT Related""",902862,2026,2026-06-30 19:09:01,ADGE_INTEGRATION_SVC_FIN
300000357572850,01-2026,300001973847351,421125 - Professional Operational Service  expenses,300000,2026,2026-06-30 19:09:01,ADGE_INTEGRATION_SVC_FIN
300000357572868,01-2026,100001476065814,"422401 - Conferences, seminars, exhib ,events: -deactivate",0.8,2026,2026-02-12 11:32:25,ADGE_INTEGRATION_SVC_FIN
300000357572886,01-2026,100001476065833,424131 - License Fee support - Related business,164000,2026,2026-07-17 06:45:43,ADGE_INTEGRATION_SVC_FIN
300000357572904,01-2026,100001476065856,425252 - Rental - Computer SW-Rental/Subscription - Computer SW,2028458,2026,2026-06-10 11:05:46,ADGE_INTEGRATION_SVC_FIN
300000357572904,01-2026,100001476065860,"493140 - Computer software-Application, Platform - Capital Expenditure",1588315,2026,2026-06-10 11:05:46,ADGE_INTEGRATION_SVC_FIN
300000357572957,01-2026,300000546601351,422511 - Advertising Services (General),116411,2026,2026-04-22 11:02:30,ADGE_INTEGRATION_SVC_FIN
300000357572974,01-2026,100001476065942,"424521 - Manpower supply ""Other Than IT Related""",187359.6,2026,2026-06-12 06:51:27,ADGE_INTEGRATION_SVC_FIN
300000357575008,01-2026,300000516202751,"424521 - Manpower supply ""Other Than IT Related""",2040000,2026,2026-06-29 06:24:06,ADGE_INTEGRATION_SVC_FIN
300000357575008,01-2026,300000522443389,"424521 - Manpower supply ""Other Than IT Related""",1000000,2026,2026-06-29 06:24:06,ADGE_INTEGRATION_SVC_FIN
300000357575026,01-2026,100001476065984,"424521 - Manpower supply ""Other Than IT Related""",6178250,2026,2026-08-04 09:14:23,ADGE_INTEGRATION_SVC_FIN
300000357575026,01-2026,100001476065986,"424521 - Manpower supply ""Other Than IT Related""",1184000,2026,2026-08-04 09:14:23,ADGE_INTEGRATION_SVC_FIN
300000357575026,01-2026,300000521009581,"424521 - Manpower supply ""Other Than IT Related""",730090,2026,2026-08-04 09:14:23,ADGE_INTEGRATION_SVC_FIN
300000357575043,01-2026,100001476066010,421125 - Professional Operational Service  expenses,2895042,2026,2026-07-23 07:45:54,ADGE_INTEGRATION_SVC_FIN
300000357575078,01-2026,300000539324713,426212 - Bldg maintenance-Business premises,56554,2026,2026-08-04 09:22:57,ADGE_INTEGRATION_SVC_FIN
300000357575078,01-2026,300000539324717,"424521 - Manpower supply ""Other Than IT Related""",703868,2026,2026-08-04 09:22:57,ADGE_INTEGRATION_SVC_FIN
300000357575078,01-2026,300000539324721,"425112 - Rental - Buildings, other than staff residences",80000,2026,2026-08-04 09:22:57,ADGE_INTEGRATION_SVC_FIN
300000357575095,01-2026,300000539324705,424131 - License Fee support - Related business,185000,2026,2026-07-24 10:02:27,ADGE_INTEGRATION_SVC_FIN
300000357575095,01-2026,300000539324709,423411 - General research  expenses,3077,2026,2026-07-24 10:02:27,ADGE_INTEGRATION_SVC_FIN
300000357575095,01-2026,300001718595150,"424231 - Events - Awards, prizes and gifts",6475,2026,2026-07-24 10:02:27,ADGE_INTEGRATION_SVC_FIN
300000357575147,01-2026,100001476066129,"422401 - Conferences, seminars, exhib ,events: -deactivate",854046,2026,2026-02-22 12:43:00,ADGE_INTEGRATION_SVC_FIN
300000357575201,01-2026,100001476066165,"422401 - Conferences, seminars, exhib ,events: -deactivate",15000000,2026,2026-01-21 18:39:01,ADGE_INTEGRATION_SVC_FIN
300000357575254,01-2026,100001476066208,"424521 - Manpower supply ""Other Than IT Related""",2084312,2026,2026-07-31 06:12:49,ADGE_INTEGRATION_SVC_FIN
300000357575254,01-2026,300000531879689,421125 - Professional Operational Service  expenses,75000,2026,2026-07-31 06:12:49,ADGE_INTEGRATION_SVC_FIN
300000357575254,01-2026,300000533544691,"422401 - Conferences, seminars, exhib ,events: -deactivate",2740000,2026,2026-07-31 06:12:49,ADGE_INTEGRATION_SVC_FIN
300000357575254,01-2026,300000533544695,422511 - Advertising Services (General),1041533,2026,2026-07-31 06:12:49,ADGE_INTEGRATION_SVC_FIN
300000357575254,01-2026,300000540627134,491211 - Capital expense - Buildings,1800000,2026,2026-07-31 06:12:49,ADGE_INTEGRATION_SVC_FIN
300000357575254,01-2026,300002545724123,426212 - Bldg maintenance-Business premises,458467,2026,2026-07-31 06:12:49,ADGE_INTEGRATION_SVC_FIN
300000357575290,01-2026,300000532406119,424221 - Events - Production costs,285000,2026,2026-04-08 12:24:48,ADGE_INTEGRATION_SVC_FIN
300000357612017,01-2026,100001476167478,422511 - Advertising Services (General),37260,2026,2026-04-07 06:52:10,ADGE_INTEGRATION_SVC_FIN
300000357612017,01-2026,100001476167488,"422401 - Conferences, seminars, exhib ,events: -deactivate",7234509,2026,2026-04-07 06:52:10,ADGE_INTEGRATION_SVC_FIN
300000357612017,01-2026,100001476167498,422511 - Advertising Services (General),1299240,2026,2026-04-07 06:52:10,ADGE_INTEGRATION_SVC_FIN
300000357612017,01-2026,100001476167501,423821 - Business Travel - Per Diem Allowances,80000,2026,2026-04-07 06:52:10,ADGE_INTEGRATION_SVC_FIN
300000357612034,01-2026,100001476167696,"424521 - Manpower supply ""Other Than IT Related""",1352400,2026,2026-08-04 07:16:53,ADGE_INTEGRATION_SVC_FIN
300000357612034,01-2026,300000488192124,421125 - Professional Operational Service  expenses,1093333,2026,2026-08-04 07:16:53,ADGE_INTEGRATION_SVC_FIN
300000357612034,01-2026,300000488192132,421125 - Professional Operational Service  expenses,687461.93,2026,2026-08-04 07:16:53,ADGE_INTEGRATION_SVC_FIN
300000357612034,01-2026,300000521009543,"424521 - Manpower supply ""Other Than IT Related""",1399310,2026,2026-08-04 07:16:53,ADGE_INTEGRATION_SVC_FIN
300000357612122,01-2026,100001476168332,421125 - Professional Operational Service  expenses,6058508,2026,2026-08-10 10:20:37,ADGE_INTEGRATION_SVC_FIN
300000357612122,01-2026,300000549316551,422511 - Advertising Services (General),4000000,2026,2026-08-10 10:20:37,ADGE_INTEGRATION_SVC_FIN
300000357612122,01-2026,300002744489755,424781 - Public relations expenses,1130352,2026,2026-08-10 10:20:37,ADGE_INTEGRATION_SVC_FIN
300000357612176,01-2026,100001476168405,422511 - Advertising Services (General),135966,2026,2026-02-17 05:00:41,ADGE_INTEGRATION_SVC_FIN
300000357612194,01-2026,100001476168432,421125 - Professional Operational Service  expenses,7000000,2026,2026-03-05 22:17:59,ADGE_INTEGRATION_SVC_FIN
300000357612282,01-2026,100001476168613,424811 - Sponsorship expenses/contributions,21571795,2026,2026-08-07 05:50:17,ADGE_INTEGRATION_SVC_FIN
300000357612300,01-2026,100001796030500,"422401 - Conferences, seminars, exhib ,events: -deactivate",2970000,2026,2026-01-27 07:48:37,ADGE_INTEGRATION_SVC_FIN
300000357612335,01-2026,100001476168708,"424521 - Manpower supply ""Other Than IT Related""",819000,2026,2026-07-28 11:47:55,ADGE_INTEGRATION_SVC_FIN
300000357612335,01-2026,100001476168709,424761 - Entertainment and hospitality,200000,2026,2026-07-28 11:47:55,ADGE_INTEGRATION_SVC_FIN
300000357612335,01-2026,100001476168712,423821 - Business Travel - Per Diem Allowances,100000,2026,2026-07-28 11:47:55,ADGE_INTEGRATION_SVC_FIN
300000357612335,01-2026,300000488192176,"424521 - Manpower supply ""Other Than IT Related""",836000,2026,2026-07-28 11:47:55,ADGE_INTEGRATION_SVC_FIN
300000357612387,01-2026,100001476168787,422511 - Advertising Services (General),26217746,2026,2026-02-17 05:04:50,ADGE_INTEGRATION_SVC_FIN
300000357612405,01-2026,100001476168808,424811 - Sponsorship expenses/contributions,5500000,2026,2026-01-21 18:23:00,ADGE_INTEGRATION_SVC_FIN
300000357612422,01-2026,100001476168833,423821 - Business Travel - Per Diem Allowances,131843,2026,2026-07-17 05:59:01,ADGE_INTEGRATION_SVC_FIN
300000357612422,01-2026,100001796736810,424251 - Tourism Promotion (include site improvements),254970.5,2026,2026-07-17 05:59:01,ADGE_INTEGRATION_SVC_FIN
300000357612422,01-2026,300000539324668,424131 - License Fee support - Related business,34740,2026,2026-07-17 05:59:01,ADGE_INTEGRATION_SVC_FIN
300000357612439,01-2026,300000554094329,"422401 - Conferences, seminars, exhib ,events: -deactivate",21008400,2026,2026-03-12 11:15:52,ADGE_INTEGRATION_SVC_FIN
300000357612492,01-2026,100001476168966,424811 - Sponsorship expenses/contributions,2745400,2026,2026-02-23 12:17:41,ADGE_INTEGRATION_SVC_FIN
300000357612510,01-2026,100001476168982,422511 - Advertising Services (General),22954412,2026,2026-03-05 10:03:22,ADGE_INTEGRATION_SVC_FIN
300000357612510,01-2026,100001476168984,422511 - Advertising Services (General),24558100,2026,2026-03-05 10:03:22,ADGE_INTEGRATION_SVC_FIN
300000357612528,01-2026,100001476169006,422511 - Advertising Services (General),18479379,2026,2026-02-16 10:50:54,ADGE_INTEGRATION_SVC_FIN
300000357612564,01-2026,100001476169036,422511 - Advertising Services (General),1759105,2026,2026-07-10 10:15:54,ADGE_INTEGRATION_SVC_FIN
300000357612606,01-2026,100001476169125,"422401 - Conferences, seminars, exhib ,events: -deactivate",58055539,2026,2026-06-18 12:13:18,ADGE_INTEGRATION_SVC_FIN
300000357612606,01-2026,100001476169126,"422401 - Conferences, seminars, exhib ,events: -deactivate",80000000,2026,2026-06-18 12:13:18,ADGE_INTEGRATION_SVC_FIN
300000357612606,01-2026,300001953844539,"424521 - Manpower supply ""Other Than IT Related""",1700000,2026,2026-06-18 12:13:18,ADGE_INTEGRATION_SVC_FIN
300000357612623,01-2026,100001476169263,421125 - Professional Operational Service  expenses,'-2446801.27,2026,2026-07-06 08:36:59,sqawasmeh@dctabudhabi.ae
300000357612623,02-2026,100001476169263,421125 - Professional Operational Service  expenses,2446802,2026,2026-07-06 08:36:59,sqawasmeh@dctabudhabi.ae
300000357612640,01-2026,100001476169324,424811 - Sponsorship expenses/contributions,500000,2026,2026-01-24 19:04:54,ADGE_INTEGRATION_SVC_FIN
300000357612657,01-2026,300000500716062,"424521 - Manpower supply ""Other Than IT Related""",1849532,2026,2026-08-07 07:52:03,ADGE_INTEGRATION_SVC_FIN
300000357612674,01-2026,100001476169484,422511 - Advertising Services (General),7000000,2026,2026-03-05 09:58:37,ADGE_INTEGRATION_SVC_FIN
300000357612674,01-2026,100001476169492,"424231 - Events - Awards, prizes and gifts",500000,2026,2026-03-05 09:58:37,ADGE_INTEGRATION_SVC_FIN
300000357612674,01-2026,300000543243704,422511 - Advertising Services (General),500000,2026,2026-03-05 09:58:37,ADGE_INTEGRATION_SVC_FIN
300000357612691,01-2026,100001476169591,"424521 - Manpower supply ""Other Than IT Related""",11315067,2026,2026-02-22 12:14:28,ADGE_INTEGRATION_SVC_FIN
300000357612691,01-2026,100001476169610,424701 - Translation and interpretation service,750000,2026,2026-02-22 12:14:28,ADGE_INTEGRATION_SVC_FIN
300000357612708,01-2026,100001476169680,421125 - Professional Operational Service  expenses,1329972,2026,2026-07-10 08:04:34,ADGE_INTEGRATION_SVC_FIN
300000357612708,01-2026,100001476169692,423821 - Business Travel - Per Diem Allowances,3374496,2026,2026-07-10 08:04:34,ADGE_INTEGRATION_SVC_FIN
300000357612708,01-2026,300000546601662,"424231 - Events - Awards, prizes and gifts",300400,2026,2026-07-10 08:04:34,ADGE_INTEGRATION_SVC_FIN
300000357612708,01-2026,300000546601676,423411 - General research  expenses,2000000,2026,2026-07-10 08:04:34,ADGE_INTEGRATION_SVC_FIN
300000357612708,01-2026,300000549316544,421123 - Strategic planning consultancy  expenses,2000000,2026,2026-07-10 08:04:34,ADGE_INTEGRATION_SVC_FIN
300000357612725,01-2026,100001476169769,"422401 - Conferences, seminars, exhib ,events: -deactivate",1024000,2026,2026-01-21 18:23:31,ADGE_INTEGRATION_SVC_FIN
300000357612743,01-2026,100001476169812,424251 - Tourism Promotion (include site improvements),19987231,2026,2026-08-06 08:35:11,ADGE_INTEGRATION_SVC_FIN
300000357612743,01-2026,100001476169816,424251 - Tourism Promotion (include site improvements),128000,2026,2026-08-06 08:35:11,ADGE_INTEGRATION_SVC_FIN
300000357612743,01-2026,300000485744064,421125 - Professional Operational Service  expenses,470000,2026,2026-08-06 08:35:11,ADGE_INTEGRATION_SVC_FIN
300000357612760,01-2026,100001476169900,"424521 - Manpower supply ""Other Than IT Related""",498360,2026,2026-07-30 08:34:41,ADGE_INTEGRATION_SVC_FIN
300000357612760,01-2026,100001476169907,423821 - Business Travel - Per Diem Allowances,1233738,2026,2026-07-30 08:34:41,ADGE_INTEGRATION_SVC_FIN
300000357612760,01-2026,100001476169910,424251 - Tourism Promotion (include site improvements),200000,2026,2026-07-30 08:34:41,ADGE_INTEGRATION_SVC_FIN
300000357612760,01-2026,300000485744041,421125 - Professional Operational Service  expenses,108914,2026,2026-07-30 08:34:41,ADGE_INTEGRATION_SVC_FIN
300000357612760,01-2026,300000485744045,"424521 - Manpower supply ""Other Than IT Related""",2640500,2026,2026-07-30 08:34:41,ADGE_INTEGRATION_SVC_FIN
300000357612777,01-2026,100001476169951,421125 - Professional Operational Service  expenses,2250000,2026,2026-01-21 18:34:16,ADGE_INTEGRATION_SVC_FIN
300000357612812,01-2026,100001476169990,422511 - Advertising Services (General),13909851,2026,2026-03-05 09:57:37,ADGE_INTEGRATION_SVC_FIN
300000357612830,01-2026,100001476170017,423531 - International sports Events,33791600,2026,2026-03-02 10:28:18,ADGE_INTEGRATION_SVC_FIN
300000357612830,01-2026,100001764759464,"422401 - Conferences, seminars, exhib ,events: -deactivate",8528798,2026,2026-03-02 10:28:18,ADGE_INTEGRATION_SVC_FIN
300000357612830,01-2026,300000488192198,"422401 - Conferences, seminars, exhib ,events: -deactivate",105763400,2026,2026-03-02 10:28:18,ADGE_INTEGRATION_SVC_FIN
300000357612918,01-2026,100001476170138,"422401 - Conferences, seminars, exhib ,events: -deactivate",4443435,2026,2026-08-04 08:01:50,ADGE_INTEGRATION_SVC_FIN
300000357612918,01-2026,100001476170139,"426427 - Maintenance & repair-Exhibition Stands, etc",1000000,2026,2026-08-04 08:01:50,ADGE_INTEGRATION_SVC_FIN
300000357612918,01-2026,100001476170153,422311 - Cleaning Services: Business premises,5214338,2026,2026-08-04 08:01:50,ADGE_INTEGRATION_SVC_FIN
300000357612918,01-2026,100001476170158,423411 - General research  expenses,315000,2026,2026-08-04 08:01:50,ADGE_INTEGRATION_SVC_FIN
300000357612918,01-2026,100001476170174,426212 - Bldg maintenance-Business premises,1225304,2026,2026-08-04 08:01:50,ADGE_INTEGRATION_SVC_FIN
300000357612918,01-2026,100001476170180,424761 - Entertainment and hospitality,335778,2026,2026-08-04 08:01:50,ADGE_INTEGRATION_SVC_FIN
300000357612918,01-2026,100001476170183,432614 - Landscaping and other horticulturematerials,583334,2026,2026-08-04 08:01:50,ADGE_INTEGRATION_SVC_FIN
300000357612918,01-2026,100001476170184,490600 - Leaseholds - Other Infrastructure assets,1499999.9,2026,2026-08-04 08:01:50,ADGE_INTEGRATION_SVC_FIN
300000357612918,01-2026,100001476170187,426212 - Bldg maintenance-Business premises,3453032,2026,2026-08-04 08:01:50,ADGE_INTEGRATION_SVC_FIN
300000357612918,01-2026,100001476170192,"424521 - Manpower supply ""Other Than IT Related""",2501605,2026,2026-08-04 08:01:50,ADGE_INTEGRATION_SVC_FIN
300000357612918,01-2026,100001476170194,422511 - Advertising Services (General),611502,2026,2026-08-04 08:01:50,ADGE_INTEGRATION_SVC_FIN
300000357612918,01-2026,100001476170203,424781 - Public relations expenses,271800,2026,2026-08-04 08:01:50,ADGE_INTEGRATION_SVC_FIN
300000357612918,01-2026,100001476170205,422321 - Cleaning and Pest control Services-Public,108694,2026,2026-08-04 08:01:50,ADGE_INTEGRATION_SVC_FIN
300000357612918,01-2026,100001476170215,423411 - General research  expenses,162000,2026,2026-08-04 08:01:50,ADGE_INTEGRATION_SVC_FIN
300000357612918,01-2026,100001476170217,422511 - Advertising Services (General),400000,2026,2026-08-04 08:01:50,ADGE_INTEGRATION_SVC_FIN
300000357612918,01-2026,100001476170221,424551 - Security service  expenses,4527240,2026,2026-08-04 08:01:50,ADGE_INTEGRATION_SVC_FIN
300000357612918,01-2026,100001476170237,423931 - Consumption charges-Water & Electricity combined,6828364,2026,2026-08-04 08:01:50,ADGE_INTEGRATION_SVC_FIN
300000357612918,01-2026,100001476170240,424591 - Waste management service,22280,2026,2026-08-04 08:01:50,ADGE_INTEGRATION_SVC_FIN
300000357612918,01-2026,300000488192136,421125 - Professional Operational Service  expenses,2110002,2026,2026-08-04 08:01:50,ADGE_INTEGRATION_SVC_FIN
300000357612918,01-2026,300000521152112,"424521 - Manpower supply ""Other Than IT Related""",228000,2026,2026-08-04 08:01:50,ADGE_INTEGRATION_SVC_FIN
300000357615024,01-2026,100001476170682,491711 - Furniture & Fixtures - Offices - Capital Expenditure,1700000,2026,2026-02-16 10:16:10,ADGE_INTEGRATION_SVC_FIN
300000357615058,01-2026,100001476170866,422511 - Advertising Services (General),189891,2026,2026-07-10 10:17:10,ADGE_INTEGRATION_SVC_FIN
300000357615113,01-2026,300000488192084,421125 - Professional Operational Service  expenses,162000,2026,2026-01-26 12:35:16,ADGE_INTEGRATION_SVC_FIN
300000357615219,01-2026,100001476171122,423821 - Business Travel - Per Diem Allowances,34000,2026,2026-02-13 06:43:42,ADGE_INTEGRATION_SVC_FIN
300000357615236,01-2026,100001476171165,"422401 - Conferences, seminars, exhib ,events: -deactivate",4000000,2026,2026-08-10 05:02:58,ADGE_INTEGRATION_SVC_FIN
300000357615236,01-2026,100001476171173,421125 - Professional Operational Service  expenses,3692861,2026,2026-08-10 05:02:58,ADGE_INTEGRATION_SVC_FIN
300000357615236,01-2026,100001476171185,422511 - Advertising Services (General),21791796,2026,2026-08-10 05:02:58,ADGE_INTEGRATION_SVC_FIN
300000357615236,01-2026,100001476171193,424781 - Public relations expenses,8050000,2026,2026-08-10 05:02:58,ADGE_INTEGRATION_SVC_FIN
300000357615236,01-2026,100001476171198,421125 - Professional Operational Service  expenses,11276517,2026,2026-08-10 05:02:58,ADGE_INTEGRATION_SVC_FIN
300000357615236,01-2026,100001476171210,424251 - Tourism Promotion (include site improvements),14855233,2026,2026-08-10 05:02:58,ADGE_INTEGRATION_SVC_FIN
300000357615236,01-2026,300000546601656,422511 - Advertising Services (General),550000,2026,2026-08-10 05:02:58,ADGE_INTEGRATION_SVC_FIN
300000357615255,01-2026,100001476171320,421125 - Professional Operational Service  expenses,1260003,2026,2026-02-23 12:14:40,ADGE_INTEGRATION_SVC_FIN
300000357615272,01-2026,100001476171371,"422401 - Conferences, seminars, exhib ,events: -deactivate",80000000,2026,2026-03-05 10:45:56,ADGE_INTEGRATION_SVC_FIN
300000357615272,01-2026,100001476171376,422511 - Advertising Services (General),46500000,2026,2026-03-05 10:45:56,ADGE_INTEGRATION_SVC_FIN
300000357615289,01-2026,100001476171407,"422401 - Conferences, seminars, exhib ,events: -deactivate",11698396.2,2026,2026-02-16 10:48:54,ADGE_INTEGRATION_SVC_FIN
300000357615289,01-2026,300000488192193,"422401 - Conferences, seminars, exhib ,events: -deactivate",96019416.8,2026,2026-02-16 10:48:54,ADGE_INTEGRATION_SVC_FIN
300000357615393,01-2026,100001476171995,424221 - Events - Production costs,2600000,2026,2026-02-19 06:12:21,ADGE_INTEGRATION_SVC_FIN
300000357615393,01-2026,100001476171999,424761 - Entertainment and hospitality,120000,2026,2026-02-19 06:12:21,ADGE_INTEGRATION_SVC_FIN
300000357615393,01-2026,100001476172003,423821 - Business Travel - Per Diem Allowances,190500,2026,2026-02-19 06:12:21,ADGE_INTEGRATION_SVC_FIN
300000357615393,01-2026,100001476172008,"424991 - Other services, not specifically mentioned elsewhere",280000,2026,2026-02-19 06:12:21,ADGE_INTEGRATION_SVC_FIN
300000357615393,01-2026,100001476172021,"422401 - Conferences, seminars, exhib ,events: -deactivate",1600000,2026,2026-02-19 06:12:21,ADGE_INTEGRATION_SVC_FIN
300000357615580,01-2026,100001476173199,421125 - Professional Operational Service  expenses,62000,2026,2026-02-17 08:15:45,ADGE_INTEGRATION_SVC_FIN
300000357615580,01-2026,100001476173227,423821 - Business Travel - Per Diem Allowances,144204,2026,2026-02-17 08:15:45,ADGE_INTEGRATION_SVC_FIN
300000357615633,01-2026,100001476173450,422511 - Advertising Services (General),16000000,2026,2026-07-10 10:07:54,ADGE_INTEGRATION_SVC_FIN
300000357615651,01-2026,100001476173466,422511 - Advertising Services (General),3118849,2026,2026-07-10 10:14:30,ADGE_INTEGRATION_SVC_FIN
300000357615669,01-2026,100001476173478,422511 - Advertising Services (General),2195027,2026,2026-02-17 05:04:48,ADGE_INTEGRATION_SVC_FIN
300000357615723,01-2026,100001476173523,421125 - Professional Operational Service  expenses,5529319,2026,2026-02-23 17:10:30,ADGE_INTEGRATION_SVC_FIN
300000357615740,01-2026,100001476173544,422511 - Advertising Services (General),11206877,2026,2026-07-15 08:17:25,ADGE_INTEGRATION_SVC_FIN
300000449304821,01-2026,300002218432479,221390 - Other accrued expenses not mentioned elsewhere,552.73631841,2026,2026-07-09 06:50:18,haghareb@dctabudhabi.ae
300000449304821,02-2026,300002218432479,221390 - Other accrued expenses not mentioned elsewhere,552.73631841,2026,2026-07-09 06:50:18,haghareb@dctabudhabi.ae
300000449304821,03-2026,300002218432479,221390 - Other accrued expenses not mentioned elsewhere,552.73631841,2026,2026-07-09 06:50:18,haghareb@dctabudhabi.ae
300000449304821,04-2026,300002218432479,221390 - Other accrued expenses not mentioned elsewhere,552.73631841,2026,2026-07-09 06:50:18,haghareb@dctabudhabi.ae
300000449304821,05-2026,300002218432479,221390 - Other accrued expenses not mentioned elsewhere,552.73631841,2026,2026-07-09 06:50:18,haghareb@dctabudhabi.ae
300000449304821,06-2026,300002218432479,221390 - Other accrued expenses not mentioned elsewhere,552.73631841,2026,2026-07-09 06:50:18,haghareb@dctabudhabi.ae
300000449304821,07-2026,300002218432479,221390 - Other accrued expenses not mentioned elsewhere,552.73631841,2026,2026-07-09 06:50:18,haghareb@dctabudhabi.ae
300000449304821,08-2026,300002218432479,221390 - Other accrued expenses not mentioned elsewhere,552.73631841,2026,2026-07-09 06:50:18,haghareb@dctabudhabi.ae
300000449304821,09-2026,300002218432479,221390 - Other accrued expenses not mentioned elsewhere,552.73631841,2026,2026-07-09 06:50:18,haghareb@dctabudhabi.ae
300000449304821,10-2026,300002218432479,221390 - Other accrued expenses not mentioned elsewhere,552.73631841,2026,2026-07-09 06:50:18,haghareb@dctabudhabi.ae
300000449304821,11-2026,300002218432479,221390 - Other accrued expenses not mentioned elsewhere,552.73631841,2026,2026-07-09 06:50:18,haghareb@dctabudhabi.ae
300000449304821,12-2026,300002218432479,221390 - Other accrued expenses not mentioned elsewhere,552.73631837,2026,2026-07-09 06:50:18,haghareb@dctabudhabi.ae
300000449304892,01-2026,300002239808224,221390 - Other accrued expenses not mentioned elsewhere,38214.36151188,2026,2026-06-30 09:03:01,sqawasmeh@dctabudhabi.ae
300000449304892,02-2026,300002239808224,221390 - Other accrued expenses not mentioned elsewhere,38214.36151188,2026,2026-06-30 09:03:01,sqawasmeh@dctabudhabi.ae
300000449304892,03-2026,300002239808224,221390 - Other accrued expenses not mentioned elsewhere,38214.36151188,2026,2026-06-30 09:03:01,sqawasmeh@dctabudhabi.ae
300000449304892,04-2026,300002239808224,221390 - Other accrued expenses not mentioned elsewhere,38214.36151188,2026,2026-06-30 09:03:01,sqawasmeh@dctabudhabi.ae
300000449304892,05-2026,300002239808224,221390 - Other accrued expenses not mentioned elsewhere,38214.36151188,2026,2026-06-30 09:03:01,sqawasmeh@dctabudhabi.ae
300000449304892,06-2026,300002239808224,221390 - Other accrued expenses not mentioned elsewhere,38214.36151188,2026,2026-06-30 09:03:01,sqawasmeh@dctabudhabi.ae
300000449304892,07-2026,300002239808224,221390 - Other accrued expenses not mentioned elsewhere,38214.36151188,2026,2026-06-30 09:03:01,sqawasmeh@dctabudhabi.ae
300000449304892,08-2026,300002239808224,221390 - Other accrued expenses not mentioned elsewhere,38214.36151188,2026,2026-06-30 09:03:01,sqawasmeh@dctabudhabi.ae
300000449304892,09-2026,300002239808224,221390 - Other accrued expenses not mentioned elsewhere,38214.36151188,2026,2026-06-30 09:03:01,sqawasmeh@dctabudhabi.ae
300000449304892,10-2026,300002239808224,221390 - Other accrued expenses not mentioned elsewhere,38214.36151188,2026,2026-06-30 09:03:01,sqawasmeh@dctabudhabi.ae
300000449304892,11-2026,300002239808224,221390 - Other accrued expenses not mentioned elsewhere,38214.36151188,2026,2026-06-30 09:03:01,sqawasmeh@dctabudhabi.ae
300000449304892,12-2026,300002239808224,221390 - Other accrued expenses not mentioned elsewhere,38214.36151185,2026,2026-06-30 09:03:01,sqawasmeh@dctabudhabi.ae
300000449304981,01-2026,300002239808129,221390 - Other accrued expenses not mentioned elsewhere,1427.63157895,2026,2026-07-21 16:39:26,haghareb@dctabudhabi.ae
300000449304981,01-2026,300002239808138,221390 - Other accrued expenses not mentioned elsewhere,27196.381579,2026,2026-07-21 16:39:26,haghareb@dctabudhabi.ae
300000449304981,02-2026,300002239808129,221390 - Other accrued expenses not mentioned elsewhere,1427.63157895,2026,2026-07-21 16:39:26,haghareb@dctabudhabi.ae
300000449304981,02-2026,300002239808138,221390 - Other accrued expenses not mentioned elsewhere,27196.381579,2026,2026-07-21 16:39:26,haghareb@dctabudhabi.ae
300000449304981,03-2026,300002239808129,221390 - Other accrued expenses not mentioned elsewhere,1427.63157895,2026,2026-07-21 16:39:26,haghareb@dctabudhabi.ae
300000449304981,03-2026,300002239808138,221390 - Other accrued expenses not mentioned elsewhere,27196.381579,2026,2026-07-21 16:39:26,haghareb@dctabudhabi.ae
300000449304981,04-2026,300002239808129,221390 - Other accrued expenses not mentioned elsewhere,1427.63157895,2026,2026-07-21 16:39:26,haghareb@dctabudhabi.ae
300000449304981,04-2026,300002239808138,221390 - Other accrued expenses not mentioned elsewhere,27196.381579,2026,2026-07-21 16:39:26,haghareb@dctabudhabi.ae
300000449304981,05-2026,300002239808129,221390 - Other accrued expenses not mentioned elsewhere,1427.63157895,2026,2026-07-21 16:39:26,haghareb@dctabudhabi.ae
300000449304981,05-2026,300002239808138,221390 - Other accrued expenses not mentioned elsewhere,27196.381579,2026,2026-07-21 16:39:26,haghareb@dctabudhabi.ae
300000449304981,06-2026,300002239808129,221390 - Other accrued expenses not mentioned elsewhere,1427.63157895,2026,2026-07-21 16:39:26,haghareb@dctabudhabi.ae
300000449304981,06-2026,300002239808138,221390 - Other accrued expenses not mentioned elsewhere,27196.381579,2026,2026-07-21 16:39:26,haghareb@dctabudhabi.ae
300000449304981,07-2026,300002239808129,221390 - Other accrued expenses not mentioned elsewhere,1427.63157895,2026,2026-07-21 16:39:26,haghareb@dctabudhabi.ae
300000449304981,07-2026,300002239808138,221390 - Other accrued expenses not mentioned elsewhere,27196.381579,2026,2026-07-21 16:39:26,haghareb@dctabudhabi.ae
300000449304981,08-2026,300002239808129,221390 - Other accrued expenses not mentioned elsewhere,1427.63157895,2026,2026-07-21 16:39:26,haghareb@dctabudhabi.ae
300000449304981,08-2026,300002239808138,221390 - Other accrued expenses not mentioned elsewhere,27196.381579,2026,2026-07-21 16:39:26,haghareb@dctabudhabi.ae
300000449304981,09-2026,300002239808129,221390 - Other accrued expenses not mentioned elsewhere,1427.63157895,2026,2026-07-21 16:39:26,haghareb@dctabudhabi.ae
300000449304981,09-2026,300002239808138,221390 - Other accrued expenses not mentioned elsewhere,27196.381579,2026,2026-07-21 16:39:26,haghareb@dctabudhabi.ae
300000449304981,10-2026,300002239808129,221390 - Other accrued expenses not mentioned elsewhere,1427.63157895,2026,2026-07-21 16:39:26,haghareb@dctabudhabi.ae
300000449304981,10-2026,300002239808138,221390 - Other accrued expenses not mentioned elsewhere,27196.381579,2026,2026-07-21 16:39:26,haghareb@dctabudhabi.ae
300000449304981,11-2026,300002239808129,221390 - Other accrued expenses not mentioned elsewhere,1427.63157895,2026,2026-07-21 16:39:26,haghareb@dctabudhabi.ae
300000449304981,11-2026,300002239808138,221390 - Other accrued expenses not mentioned elsewhere,27196.381579,2026,2026-07-21 16:39:26,haghareb@dctabudhabi.ae
300000449304981,12-2026,300002239808129,221390 - Other accrued expenses not mentioned elsewhere,1427.63157889,2026,2026-07-21 16:39:26,haghareb@dctabudhabi.ae
300000449304981,12-2026,300002239808138,221390 - Other accrued expenses not mentioned elsewhere,27196.38157785,2026,2026-07-21 16:39:26,haghareb@dctabudhabi.ae
300000480680711,01-2026,300000480680721,421125 - Professional Operational Service  expenses,54000,2026,2026-08-06 08:33:45,ADGE_INTEGRATION_SVC_FIN
300000480680711,01-2026,300000480680746,424251 - Tourism Promotion (include site improvements),4216005,2026,2026-08-06 08:33:45,ADGE_INTEGRATION_SVC_FIN
300000480680711,01-2026,300000480680750,424251 - Tourism Promotion (include site improvements),50000,2026,2026-08-06 08:33:45,ADGE_INTEGRATION_SVC_FIN
300000483412469,01-2026,300000483412505,421125 - Professional Operational Service  expenses,485000,2026,2026-08-06 08:36:59,ADGE_INTEGRATION_SVC_FIN
300000483412469,01-2026,300000483412508,421125 - Professional Operational Service  expenses,3404767,2026,2026-08-06 08:36:59,ADGE_INTEGRATION_SVC_FIN
300000483412469,01-2026,300000483412514,424251 - Tourism Promotion (include site improvements),4724418,2026,2026-08-06 08:36:59,ADGE_INTEGRATION_SVC_FIN
300000483412469,01-2026,300000483412517,424251 - Tourism Promotion (include site improvements),4272046,2026,2026-08-06 08:36:59,ADGE_INTEGRATION_SVC_FIN
300000483412531,01-2026,300000483412543,421125 - Professional Operational Service  expenses,475000,2026,2026-08-06 08:32:26,ADGE_INTEGRATION_SVC_FIN
300000483412531,01-2026,300000483412547,421125 - Professional Operational Service  expenses,2530872,2026,2026-08-06 08:32:26,ADGE_INTEGRATION_SVC_FIN
300000483412531,01-2026,300000483412556,424251 - Tourism Promotion (include site improvements),5958257,2026,2026-08-06 08:32:26,ADGE_INTEGRATION_SVC_FIN
300000483412531,01-2026,300000483412559,424251 - Tourism Promotion (include site improvements),3310385,2026,2026-08-06 08:32:26,ADGE_INTEGRATION_SVC_FIN
300000483412565,01-2026,300000483412574,421125 - Professional Operational Service  expenses,251633,2026,2026-08-06 11:11:53,ADGE_INTEGRATION_SVC_FIN
300000483412565,01-2026,300000483412578,421125 - Professional Operational Service  expenses,3166704,2026,2026-08-06 11:11:53,ADGE_INTEGRATION_SVC_FIN
300000483412565,01-2026,300000483412586,424251 - Tourism Promotion (include site improvements),2535209,2026,2026-08-06 11:11:53,ADGE_INTEGRATION_SVC_FIN
300000483412565,01-2026,300000483412593,424251 - Tourism Promotion (include site improvements),970322,2026,2026-08-06 11:11:53,ADGE_INTEGRATION_SVC_FIN
300000485189402,01-2026,300000485189422,421125 - Professional Operational Service  expenses,480000,2026,2026-08-06 11:13:10,ADGE_INTEGRATION_SVC_FIN
300000485189402,01-2026,300000485189439,421125 - Professional Operational Service  expenses,2567145,2026,2026-08-06 11:13:10,ADGE_INTEGRATION_SVC_FIN
300000485189402,01-2026,300000485189443,424251 - Tourism Promotion (include site improvements),12700721,2026,2026-08-06 11:13:10,ADGE_INTEGRATION_SVC_FIN
300000485189402,01-2026,300000485189447,424251 - Tourism Promotion (include site improvements),2801000,2026,2026-08-06 11:13:10,ADGE_INTEGRATION_SVC_FIN
300000485189452,01-2026,300000485189466,421125 - Professional Operational Service  expenses,800821,2026,2026-04-06 04:03:37,ADGE_INTEGRATION_SVC_FIN
300000485189452,01-2026,300000485189470,421125 - Professional Operational Service  expenses,245000,2026,2026-04-06 04:03:37,ADGE_INTEGRATION_SVC_FIN
300000485189452,01-2026,300000485189521,424251 - Tourism Promotion (include site improvements),1358990,2026,2026-04-06 04:03:37,ADGE_INTEGRATION_SVC_FIN
300000485189452,01-2026,300000485189528,424251 - Tourism Promotion (include site improvements),1280000,2026,2026-04-06 04:03:37,ADGE_INTEGRATION_SVC_FIN
300000485189536,01-2026,300000485189562,424221 - Events - Production costs,1213558,2026,2026-07-30 08:36:11,ADGE_INTEGRATION_SVC_FIN
300000485189536,01-2026,300000485189566,424221 - Events - Production costs,12256438,2026,2026-07-30 08:36:11,ADGE_INTEGRATION_SVC_FIN
300000485189536,01-2026,300000485189569,424761 - Entertainment and hospitality,2256000,2026,2026-07-30 08:36:11,ADGE_INTEGRATION_SVC_FIN
300000485189536,01-2026,300000485189573,423821 - Business Travel - Per Diem Allowances,1214750,2026,2026-07-30 08:36:11,ADGE_INTEGRATION_SVC_FIN
300000485189536,01-2026,300000485189581,"422401 - Conferences, seminars, exhib ,events: -deactivate",10390000,2026,2026-07-30 08:36:11,ADGE_INTEGRATION_SVC_FIN
300000485189586,01-2026,300000485189596,421125 - Professional Operational Service  expenses,10000,2026,2026-03-25 13:53:18,ADGE_INTEGRATION_SVC_FIN
300000485189586,01-2026,300000485189600,421125 - Professional Operational Service  expenses,2100018,2026,2026-03-25 13:53:18,ADGE_INTEGRATION_SVC_FIN
300000485189586,01-2026,300000485189608,424251 - Tourism Promotion (include site improvements),76275,2026,2026-03-25 13:53:18,ADGE_INTEGRATION_SVC_FIN
300000485189586,01-2026,300000485744060,424251 - Tourism Promotion (include site improvements),2251415,2026,2026-03-25 13:53:18,ADGE_INTEGRATION_SVC_FIN
300000485189617,01-2026,300000485189627,421125 - Professional Operational Service  expenses,90000,2026,2026-04-27 07:18:17,ADGE_INTEGRATION_SVC_FIN
300000485189617,01-2026,300000485189631,421125 - Professional Operational Service  expenses,203784,2026,2026-04-27 07:18:17,ADGE_INTEGRATION_SVC_FIN
300000485189617,01-2026,300000485189641,424251 - Tourism Promotion (include site improvements),200000,2026,2026-04-27 07:18:17,ADGE_INTEGRATION_SVC_FIN
300000485189617,01-2026,300000485189645,424251 - Tourism Promotion (include site improvements),747000,2026,2026-04-27 07:18:17,ADGE_INTEGRATION_SVC_FIN
300000485189650,01-2026,300000485189662,424251 - Tourism Promotion (include site improvements),195905,2026,2026-08-06 11:14:37,ADGE_INTEGRATION_SVC_FIN
300000489744085,01-2026,100001809199903,422511 - Advertising Services (General),13370000,2026,2026-07-31 06:54:33,ADGE_INTEGRATION_SVC_FIN
300000489744085,01-2026,100001809199906,"424661 - Emergency, Crisis and Disaster Management",750000,2026,2026-07-31 06:54:33,ADGE_INTEGRATION_SVC_FIN
300000489744085,01-2026,100001809199909,"422411 - Conferences, seminars and exhib  events: - Local Events",3254767,2026,2026-07-31 06:54:33,ADGE_INTEGRATION_SVC_FIN
300000489744085,01-2026,100001809199912,422718 - Insurance - Fixed Assets,500000,2026,2026-07-31 06:54:33,ADGE_INTEGRATION_SVC_FIN
300000489744085,01-2026,100001809199912,422749 - Insurance - Other,2562840,2026,2026-07-31 06:54:33,ADGE_INTEGRATION_SVC_FIN
300000489744085,01-2026,100001809199916,424521 - Manpower supply Other Than IT Related,10000000,2026,2026-07-31 06:54:33,ADGE_INTEGRATION_SVC_FIN
300000489744085,01-2026,100001809199917,423821 - Business Travel - Per Diem Allowances,700000,2026,2026-07-31 06:54:33,ADGE_INTEGRATION_SVC_FIN
300000489744085,01-2026,100001809199919,424791 - Printing and publishing,7569597,2026,2026-07-31 06:54:33,ADGE_INTEGRATION_SVC_FIN
300000489744085,01-2026,100001809199922,424521 - Manpower supply Other Than IT Related,5570000,2026,2026-07-31 06:54:33,ADGE_INTEGRATION_SVC_FIN
300000489744085,01-2026,300000488460874,423911 - Electricity consumption charges,300000,2026,2026-07-31 06:54:33,ADGE_INTEGRATION_SVC_FIN
300000489744085,01-2026,300000488460874,423921 - Water consumption charges,300000,2026,2026-07-31 06:54:33,ADGE_INTEGRATION_SVC_FIN
300000489744085,01-2026,300000488460874,423931 - Consumption charges-Water & Electricity combined,9495518,2026,2026-07-31 06:54:33,ADGE_INTEGRATION_SVC_FIN
300000489744085,01-2026,300000494380837,424551 - Security service  expenses,1200000,2026,2026-07-31 06:54:33,ADGE_INTEGRATION_SVC_FIN
300000489744085,01-2026,300000494380837,"424721 - Health,safety environment awareness",1217740,2026,2026-07-31 06:54:33,ADGE_INTEGRATION_SVC_FIN
300000489744085,01-2026,300000494380841,426212 - Bldg maintenance-Business premises,6821000,2026,2026-07-31 06:54:33,ADGE_INTEGRATION_SVC_FIN
300000489744085,01-2026,300000494380846,"422411 - Conferences, seminars and exhib  events: - Local Events",10688565.5,2026,2026-07-31 06:54:33,ADGE_INTEGRATION_SVC_FIN
300000489744085,01-2026,300000494380850,"422411 - Conferences, seminars and exhib  events: - Local Events",65000000,2026,2026-07-31 06:54:33,ADGE_INTEGRATION_SVC_FIN
300000489744085,01-2026,300000494380854,432625 - Charges for Artwork/Exhibits on Loan,16000000,2026,2026-07-31 06:54:33,ADGE_INTEGRATION_SVC_FIN
300000489744085,01-2026,300000494380865,491321 - Heavy equipment Capital Expenditure,500000,2026,2026-07-31 06:54:33,ADGE_INTEGRATION_SVC_FIN
300000489744085,01-2026,300000496917533,432625 - Charges for Artwork/Exhibits on Loan,17930403,2026,2026-07-31 06:54:33,ADGE_INTEGRATION_SVC_FIN
300000489744085,01-2026,300000496917537,424151 - Other Marketing expenditure not mentioned elsewhere,1400000,2026,2026-07-31 06:54:33,ADGE_INTEGRATION_SVC_FIN
300000489744085,01-2026,300000496917545,421125 - Professional Operational Service  expenses,3982260,2026,2026-07-31 06:54:33,ADGE_INTEGRATION_SVC_FIN
300000489744085,01-2026,300000496917549,491811 - Heritage culture assts,194500000,2026,2026-07-31 06:54:33,ADGE_INTEGRATION_SVC_FIN
300000489744085,01-2026,300000496917553,421122 - Management consultancy expenses,33369199,2026,2026-07-31 06:54:33,ADGE_INTEGRATION_SVC_FIN
300000489744085,01-2026,300000500522080,491811 - Heritage culture assts,52500000,2026,2026-07-31 06:54:33,ADGE_INTEGRATION_SVC_FIN
300000489744085,02-2026,100001809199922,424521 - Manpower supply Other Than IT Related,6000000,2026,2026-07-31 06:54:33,ADGE_INTEGRATION_SVC_FIN
300000489744182,01-2026,300000505429440,422511 - Advertising Services (General),7171.44,2026,2026-07-29 07:35:16,ADGE_INTEGRATION_SVC_FIN
300000489744182,01-2026,300000505429444,"424661 - Emergency, Crisis and Disaster Management",44209,2026,2026-07-29 07:35:16,ADGE_INTEGRATION_SVC_FIN
300000489744182,01-2026,300000505429448,424781 - Public relations expenses,2237874,2026,2026-07-29 07:35:16,ADGE_INTEGRATION_SVC_FIN
300000489744182,01-2026,300000505429455,424701 - Translation and interpretation service,1248924.93,2026,2026-07-29 07:35:16,ADGE_INTEGRATION_SVC_FIN
300000489744200,01-2026,100001809493758,432625 - Charges for Artwork/Exhibits on Loan,17331115,2026,2026-07-08 09:45:43,ADGE_INTEGRATION_SVC_FIN
300000489744200,01-2026,100001809493765,422718 - Insurance - Fixed Assets,1430820.5,2026,2026-07-08 09:45:43,ADGE_INTEGRATION_SVC_FIN
300000489744200,01-2026,100001809493765,422749 - Insurance - Other,6199516,2026,2026-07-08 09:45:43,ADGE_INTEGRATION_SVC_FIN
300000489744200,01-2026,100001809493767,424521 - Manpower supply Other Than IT Related,1047500,2026,2026-07-08 09:45:43,ADGE_INTEGRATION_SVC_FIN
300000489744200,01-2026,100001809493768,423821 - Business Travel - Per Diem Allowances,1609000,2026,2026-07-08 09:45:43,ADGE_INTEGRATION_SVC_FIN
300000489744200,01-2026,100001809493774,491811 - Heritage culture assts,244008209.93,2026,2026-07-08 09:45:43,ADGE_INTEGRATION_SVC_FIN
300000489744200,01-2026,300000503530008,491811 - Heritage culture assts,6226679,2026,2026-07-08 09:45:43,ADGE_INTEGRATION_SVC_FIN
300000489744219,01-2026,100001809495187,"422411 - Conferences, seminars and exhib  events: - Local Events",4957440,2026,2026-05-11 10:59:30,ADGE_INTEGRATION_SVC_FIN
300000489744219,01-2026,100001809495191,424521 - Manpower supply Other Than IT Related,350000,2026,2026-05-11 10:59:30,ADGE_INTEGRATION_SVC_FIN
300000489744237,01-2026,100001809496102,423821 - Business Travel - Per Diem Allowances,82500,2026,2026-07-09 06:21:38,ADGE_INTEGRATION_SVC_FIN
300000489744237,01-2026,300000505429399,424811 - Sponsorship expenses/contributions,1609673,2026,2026-07-09 06:21:38,ADGE_INTEGRATION_SVC_FIN
300000489744255,01-2026,100001809496743,423821 - Business Travel - Per Diem Allowances,35000,2026,2026-07-29 07:31:05,ADGE_INTEGRATION_SVC_FIN
300000489744255,01-2026,300000505429387,422511 - Advertising Services (General),3195041.97,2026,2026-07-29 07:31:05,ADGE_INTEGRATION_SVC_FIN
300000489744274,01-2026,100001809497200,424760 - Entertainment and hospitality expenses,100000,2026,2026-07-29 07:25:43,ADGE_INTEGRATION_SVC_FIN
300000489744274,01-2026,100001809497202,422191 - Operations management expenses not elsewhere,215198,2026,2026-07-29 07:25:43,ADGE_INTEGRATION_SVC_FIN
300000489744274,01-2026,100001809497206,421121 - Legal services  expenses,1337500,2026,2026-07-29 07:25:43,ADGE_INTEGRATION_SVC_FIN
300000489744274,01-2026,100001809497208,424521 - Manpower supply Other Than IT Related,100000,2026,2026-07-29 07:25:43,ADGE_INTEGRATION_SVC_FIN
300000489744274,01-2026,100001809497209,423821 - Business Travel - Per Diem Allowances,360500,2026,2026-07-29 07:25:43,ADGE_INTEGRATION_SVC_FIN
300000489744274,01-2026,100001809497211,424791 - Printing and publishing,158792.82,2026,2026-07-29 07:25:43,ADGE_INTEGRATION_SVC_FIN
300000489744274,01-2026,300000510595925,491811 - Heritage culture assts,11189944,2026,2026-07-29 07:25:43,ADGE_INTEGRATION_SVC_FIN
300000489744274,01-2026,300000523120046,421123 - Strategic planning consultancy  expenses,314193,2026,2026-07-29 07:25:43,ADGE_INTEGRATION_SVC_FIN
300000489744293,01-2026,100001809497821,422621 - Higher education and specialisation incentives,213381,2026,2026-07-08 09:31:41,ADGE_INTEGRATION_SVC_FIN
300000489744293,01-2026,100001809497824,424511 - Catering service  expenses,45353,2026,2026-07-08 09:31:41,ADGE_INTEGRATION_SVC_FIN
300000489744293,01-2026,100001809497827,424521 - Manpower supply Other Than IT Related,2298413,2026,2026-07-08 09:31:41,ADGE_INTEGRATION_SVC_FIN
300000489744293,01-2026,100001809497829,431115 - Academic Publications,89182,2026,2026-07-08 09:31:41,ADGE_INTEGRATION_SVC_FIN
300000489744311,01-2026,100001809498417,424221 - Events - Production costs,2451930.34,2026,2026-07-08 09:34:59,ADGE_INTEGRATION_SVC_FIN
300000489744330,01-2026,100001809499392,421122 - Management consultancy expenses,1036644,2026,2026-07-29 07:24:28,ADGE_INTEGRATION_SVC_FIN
300000489744330,01-2026,100001809499395,426212 - Bldg maintenance-Business premises,17397474,2026,2026-07-29 07:24:28,ADGE_INTEGRATION_SVC_FIN
300000489744330,01-2026,100001809499395,426214 - Public buildings  maintenance,3769183,2026,2026-07-29 07:24:28,ADGE_INTEGRATION_SVC_FIN
300000489744330,01-2026,100001809499395,"426319 - Maintenance : Plant, machinery heavy equip, nme",1725831,2026,2026-07-29 07:24:28,ADGE_INTEGRATION_SVC_FIN
300000489744330,01-2026,100001809499395,432614 - Landscaping and other horticulturematerials,1137150,2026,2026-07-29 07:24:28,ADGE_INTEGRATION_SVC_FIN
300000489744330,01-2026,100001809499398,422718 - Insurance - Fixed Assets,8227940,2026,2026-07-29 07:24:28,ADGE_INTEGRATION_SVC_FIN
300000489744330,01-2026,100001809499400,424521 - Manpower supply Other Than IT Related,960000,2026,2026-07-29 07:24:28,ADGE_INTEGRATION_SVC_FIN
300000489744330,01-2026,100001809499401,423821 - Business Travel - Per Diem Allowances,230500,2026,2026-07-29 07:24:28,ADGE_INTEGRATION_SVC_FIN
300000489744330,01-2026,100001809499402,"425112 - Rental - Buildings, other than staff residences",740616,2026,2026-07-29 07:24:28,ADGE_INTEGRATION_SVC_FIN
300000489744330,01-2026,100001809499405,491321 - Heavy equipment Capital Expenditure,73130271,2026,2026-07-29 07:24:28,ADGE_INTEGRATION_SVC_FIN
300000489744330,01-2026,100001809499405,"491351 - Plant,Machinery&Equip - Workshop equipment - Capital Expenditure",23370007,2026,2026-07-29 07:24:28,ADGE_INTEGRATION_SVC_FIN
300000489744330,01-2026,100001809499405,491411 - Electricity distribution spares - Capital Expenditure,6315320,2026,2026-07-29 07:24:28,ADGE_INTEGRATION_SVC_FIN
300000489744330,01-2026,300000491150183,423911 - Electricity consumption charges,300000,2026,2026-07-29 07:24:28,ADGE_INTEGRATION_SVC_FIN
300000489744330,01-2026,300000491150183,423921 - Water consumption charges,300000,2026,2026-07-29 07:24:28,ADGE_INTEGRATION_SVC_FIN
300000489744330,01-2026,300000491150183,423931 - Consumption charges-Water & Electricity combined,12801124,2026,2026-07-29 07:24:28,ADGE_INTEGRATION_SVC_FIN
300000489744330,01-2026,300000505172078,423931 - Consumption charges-Water & Electricity combined,149000,2026,2026-07-29 07:24:28,ADGE_INTEGRATION_SVC_FIN
300000489744330,01-2026,300000505172078,426212 - Bldg maintenance-Business premises,1366733,2026,2026-07-29 07:24:28,ADGE_INTEGRATION_SVC_FIN
300000489744330,01-2026,300000505172078,426214 - Public buildings  maintenance,796499,2026,2026-07-29 07:24:28,ADGE_INTEGRATION_SVC_FIN
300000489744330,01-2026,300000505172166,422211 -  IT Systems- Support expenses:Maintenance,3353777,2026,2026-07-29 07:24:28,ADGE_INTEGRATION_SVC_FIN
300000489744330,02-2026,100001809499395,426212 - Bldg maintenance-Business premises,958330,2026,2026-07-29 07:24:28,ADGE_INTEGRATION_SVC_FIN
300000489744351,01-2026,100001809499932,422191 - Operations management expenses not elsewhere,59252.83,2026,2026-06-12 06:56:58,ADGE_INTEGRATION_SVC_FIN
300000489744351,01-2026,100001809499936,423821 - Business Travel - Per Diem Allowances,581000,2026,2026-06-12 06:56:58,ADGE_INTEGRATION_SVC_FIN
300000489744370,01-2026,100001809500343,491811 - Heritage culture assts,2034979,2026,2026-07-29 07:39:02,ADGE_INTEGRATION_SVC_FIN
300000489744370,01-2026,300000510595988,493110 - Computer software - Capital Expenditure,823950,2026,2026-07-29 07:39:02,ADGE_INTEGRATION_SVC_FIN
300000489744370,01-2026,300000510595992,421125 - Professional Operational Service  expenses,187216.14,2026,2026-07-29 07:39:02,ADGE_INTEGRATION_SVC_FIN
300000489744389,01-2026,100001809500634,423821 - Business Travel - Per Diem Allowances,38000,2026,2026-07-29 07:37:01,ADGE_INTEGRATION_SVC_FIN
300000489744389,01-2026,300000505429391,"424231 - Events - Awards, prizes and gifts",3204271,2026,2026-07-29 07:37:01,ADGE_INTEGRATION_SVC_FIN
300000489744389,01-2026,300000505429395,"431111 - Newspapers, magazines, journals, etc",728381,2026,2026-07-29 07:37:01,ADGE_INTEGRATION_SVC_FIN
300000489744389,01-2026,300000520790326,422511 - Advertising Services (General),7136535.56,2026,2026-07-29 07:37:01,ADGE_INTEGRATION_SVC_FIN
300000489744407,01-2026,100001809501396,424221 - Events - Production costs,130000,2026,2026-07-29 07:22:58,ADGE_INTEGRATION_SVC_FIN
300000489744407,01-2026,100001809501402,"431111 - Newspapers, magazines, journals, etc",410944,2026,2026-07-29 07:22:58,ADGE_INTEGRATION_SVC_FIN
300000489744407,01-2026,100001809501402,431115 - Academic Publications,189809.91,2026,2026-07-29 07:22:58,ADGE_INTEGRATION_SVC_FIN
300000489744426,01-2026,100001809501822,424521 - Manpower supply Other Than IT Related,915000,2026,2026-07-08 10:12:47,ADGE_INTEGRATION_SVC_FIN
300000489744426,01-2026,100001809501824,423411 - General research  expenses,3139497,2026,2026-07-08 10:12:47,ADGE_INTEGRATION_SVC_FIN
300000489744426,01-2026,300000500522961,491326 - Laboratory equipment - Capital Expenditure,2899658,2026,2026-07-08 10:12:47,ADGE_INTEGRATION_SVC_FIN
300000489744426,01-2026,300000500522969,431413 - Laboratory - Scientific,750975,2026,2026-07-08 10:12:47,ADGE_INTEGRATION_SVC_FIN
300000489744426,01-2026,300000500522975,491821 - Library Books - Capital Expenditure,185674,2026,2026-07-08 10:12:47,ADGE_INTEGRATION_SVC_FIN
300000489744444,01-2026,100001809502348,424551 - Security service  expenses,13666142,2026,2026-07-09 06:20:15,ADGE_INTEGRATION_SVC_FIN
300000489744444,01-2026,100001809502354,423821 - Business Travel - Per Diem Allowances,112500,2026,2026-07-09 06:20:15,ADGE_INTEGRATION_SVC_FIN
300000489744444,01-2026,300000505429310,491711 - Furniture & Fixtures - Offices - Capital Expenditure,520500,2026,2026-07-09 06:20:15,ADGE_INTEGRATION_SVC_FIN
300000489744463,01-2026,100001809503570,423821 - Business Travel - Per Diem Allowances,812500,2026,2026-07-08 10:06:01,ADGE_INTEGRATION_SVC_FIN
300000489744463,01-2026,300000500522955,424141 - Other Sales expenditure not mentioned elsewere,4297496,2026,2026-07-08 10:06:01,ADGE_INTEGRATION_SVC_FIN
300000489744489,01-2026,100001809503933,422718 - Insurance - Fixed Assets,2560000,2026,2026-07-08 09:46:58,ADGE_INTEGRATION_SVC_FIN
300000489744489,01-2026,100001809503935,424521 - Manpower supply Other Than IT Related,642000,2026,2026-07-08 09:46:58,ADGE_INTEGRATION_SVC_FIN
300000489744489,01-2026,300000500522981,432625 - Charges for Artwork/Exhibits on Loan,370000,2026,2026-07-08 09:46:58,ADGE_INTEGRATION_SVC_FIN
300000489744489,01-2026,300000500522986,491811 - Heritage culture assts,69110470.07,2026,2026-07-08 09:46:58,ADGE_INTEGRATION_SVC_FIN
300000489744509,01-2026,100001809504591,424221 - Events - Production costs,116133.66,2026,2026-07-08 09:48:15,ADGE_INTEGRATION_SVC_FIN
300000489744509,01-2026,100001809504591,424521 - Manpower supply Other Than IT Related,20371435,2026,2026-07-08 09:48:15,ADGE_INTEGRATION_SVC_FIN
300000489744509,01-2026,100001809504609,424141 - Other Sales expenditure not mentioned elsewere,1063020,2026,2026-07-08 09:48:15,ADGE_INTEGRATION_SVC_FIN
300000489744509,01-2026,300000500522947,423411 - General research  expenses,2520425,2026,2026-07-08 09:48:15,ADGE_INTEGRATION_SVC_FIN
300000489744509,01-2026,300000500522951,491321 - Heavy equipment Capital Expenditure,14288129,2026,2026-07-08 09:48:15,ADGE_INTEGRATION_SVC_FIN
300000489744527,01-2026,100001809505281,424521 - Manpower supply Other Than IT Related,117000,2026,2026-07-15 07:56:21,ADGE_INTEGRATION_SVC_FIN
300000489744545,01-2026,100001809506130,424521 - Manpower supply Other Than IT Related,614500,2026,2026-07-14 10:23:26,ADGE_INTEGRATION_SVC_FIN
300000489744565,01-2026,300000513746431,424521 - Manpower supply Other Than IT Related,420000,2026,2026-07-08 10:00:30,ADGE_INTEGRATION_SVC_FIN
300000489744565,01-2026,300000526211755,421122 - Management consultancy expenses,525000,2026,2026-07-08 10:00:30,ADGE_INTEGRATION_SVC_FIN
300000489744602,01-2026,100001809507587,437111 - Banking service charges,3093927,2026,2026-07-09 07:23:57,ADGE_INTEGRATION_SVC_FIN
300000489744602,01-2026,100001809507590,421112 - Internal Audit service expenses,3488194,2026,2026-07-09 07:23:57,ADGE_INTEGRATION_SVC_FIN
300000489744602,02-2026,100001809507590,421112 - Internal Audit service expenses,'-2196400,2026,2026-07-09 07:23:57,ADGE_INTEGRATION_SVC_FIN
300000489744621,01-2026,100001809508711,424521 - Manpower supply Other Than IT Related,774000,2026,2026-07-08 10:14:02,ADGE_INTEGRATION_SVC_FIN
300000489744639,01-2026,100001809509079,424760 - Entertainment and hospitality expenses,1443100,2026,2026-07-08 09:33:41,ADGE_INTEGRATION_SVC_FIN
300000489744639,01-2026,100001809509081,"421191 - Other specialised professional services, not elsewhere",791921,2026,2026-07-08 09:33:41,ADGE_INTEGRATION_SVC_FIN
300000489744639,01-2026,100001809509081,"424681 - Postal, courier and other doc delivery expenses",200000,2026,2026-07-08 09:33:41,ADGE_INTEGRATION_SVC_FIN
300000489744639,01-2026,100001809509084,424521 - Manpower supply Other Than IT Related,705000,2026,2026-07-08 09:33:41,ADGE_INTEGRATION_SVC_FIN
300000489744639,01-2026,100001809509086,431316 - Catering supplies,1349758,2026,2026-07-08 09:33:41,ADGE_INTEGRATION_SVC_FIN
300000489744639,01-2026,100001809509086,431812 - Stationery supplies,1292160,2026,2026-07-08 09:33:41,ADGE_INTEGRATION_SVC_FIN
300000489744639,01-2026,100001809509087,425203 - Rental - Motor vehicles,1264665,2026,2026-07-08 09:33:41,ADGE_INTEGRATION_SVC_FIN
300000489744639,01-2026,300000505429316,491711 - Furniture & Fixtures - Offices - Capital Expenditure,150000,2026,2026-07-08 09:33:41,ADGE_INTEGRATION_SVC_FIN
300000489744678,01-2026,100001809511589,424521 - Manpower supply Other Than IT Related,1084569,2026,2026-07-10 08:12:49,ADGE_INTEGRATION_SVC_FIN
300000489744678,01-2026,100001809511590,"424231 - Events - Awards, prizes and gifts",1840450,2026,2026-07-10 08:12:49,ADGE_INTEGRATION_SVC_FIN
300000489744678,01-2026,100001809511591,423821 - Business Travel - Per Diem Allowances,495610.96,2026,2026-07-10 08:12:49,ADGE_INTEGRATION_SVC_FIN
300000489744678,01-2026,300000492840512,413610 - Recruitment expenses,100000,2026,2026-07-10 08:12:49,ADGE_INTEGRATION_SVC_FIN
300000489744678,01-2026,300000492840516,413610 - Recruitment expenses,200000,2026,2026-07-10 08:12:49,ADGE_INTEGRATION_SVC_FIN
300000489744678,01-2026,300000492840520,413610 - Recruitment expenses,1200001,2026,2026-07-10 08:12:49,ADGE_INTEGRATION_SVC_FIN
300000489744696,01-2026,100001809511738,424521 - Manpower supply Other Than IT Related,660000,2026,2026-02-03 13:39:11,ADGE_INTEGRATION_SVC_FIN
300000489744733,01-2026,100001809515570,421126 - Project Management Serv,12000000,2026,2026-07-08 09:38:14,ADGE_INTEGRATION_SVC_FIN
300000489744733,01-2026,100001809515570,422911 - Computer SW licenses-and  Renewal,1053.31,2026,2026-07-08 09:38:14,ADGE_INTEGRATION_SVC_FIN
300000489744733,01-2026,100001809515570,"423711 - Telephone,telefax charges-Telecom, Satellite  services",8763.58,2026,2026-07-08 09:38:14,ADGE_INTEGRATION_SVC_FIN
300000489744733,01-2026,100001809515575,491320 - Hardware & peripherals - Capital Expenditure,18925,2026,2026-07-08 09:38:14,ADGE_INTEGRATION_SVC_FIN
300000489744733,01-2026,100001809515576,421126 - Project Management Serv,2500000,2026,2026-07-08 09:38:14,ADGE_INTEGRATION_SVC_FIN
300000489744733,01-2026,100001809515579,422213 - IT Systems - Support expenses-Security Services Operation,80058.5,2026,2026-07-08 09:38:14,ADGE_INTEGRATION_SVC_FIN
300000489744733,01-2026,100001809515579,422218 - Cloud-Infrastructure,501303.6,2026,2026-07-08 09:38:14,ADGE_INTEGRATION_SVC_FIN
300000489744733,01-2026,100001809515579,422911 - Computer SW licenses-and  Renewal,850202.69,2026,2026-07-08 09:38:14,ADGE_INTEGRATION_SVC_FIN
300000489744733,01-2026,100001809515579,"423711 - Telephone,telefax charges-Telecom, Satellite  services",421420.08,2026,2026-07-08 09:38:14,ADGE_INTEGRATION_SVC_FIN
300000489744733,01-2026,100001809515579,425308 - SaaS - Business Specific Solutions Subscription,721705.31,2026,2026-07-08 09:38:14,ADGE_INTEGRATION_SVC_FIN
300000489744733,01-2026,100001809515580,422213 - IT Systems - Support expenses-Security Services Operation,80058.5,2026,2026-07-08 09:38:14,ADGE_INTEGRATION_SVC_FIN
300000489744733,01-2026,100001809515580,422218 - Cloud-Infrastructure,501303.6,2026,2026-07-08 09:38:14,ADGE_INTEGRATION_SVC_FIN
300000489744733,01-2026,100001809515580,422911 - Computer SW licenses-and  Renewal,940908.02,2026,2026-07-08 09:38:14,ADGE_INTEGRATION_SVC_FIN
300000489744733,01-2026,100001809515580,"423711 - Telephone,telefax charges-Telecom, Satellite  services",38669.32,2026,2026-07-08 09:38:14,ADGE_INTEGRATION_SVC_FIN
300000489744733,01-2026,100001809515580,425308 - SaaS - Business Specific Solutions Subscription,46824.38,2026,2026-07-08 09:38:14,ADGE_INTEGRATION_SVC_FIN
300000489744733,01-2026,100001809515581,422213 - IT Systems - Support expenses-Security Services Operation,80058.5,2026,2026-07-08 09:38:14,ADGE_INTEGRATION_SVC_FIN
300000489744733,01-2026,100001809515581,422218 - Cloud-Infrastructure,501303.6,2026,2026-07-08 09:38:14,ADGE_INTEGRATION_SVC_FIN
300000489744733,01-2026,100001809515581,422911 - Computer SW licenses-and  Renewal,712398.01,2026,2026-07-08 09:38:14,ADGE_INTEGRATION_SVC_FIN
300000489744733,01-2026,100001809515581,"423711 - Telephone,telefax charges-Telecom, Satellite  services",35965.26,2026,2026-07-08 09:38:14,ADGE_INTEGRATION_SVC_FIN
300000489744733,01-2026,100001809515581,425303 - SaaS - Network & Infrastructure Software Subscription,1775996.43,2026,2026-07-08 09:38:14,ADGE_INTEGRATION_SVC_FIN
300000489744733,01-2026,100001809515581,425308 - SaaS - Business Specific Solutions Subscription,205400,2026,2026-07-08 09:38:14,ADGE_INTEGRATION_SVC_FIN
300000489744733,01-2026,100001809515582,422213 - IT Systems - Support expenses-Security Services Operation,80058.5,2026,2026-07-08 09:38:14,ADGE_INTEGRATION_SVC_FIN
300000489744733,01-2026,100001809515582,422218 - Cloud-Infrastructure,501303.6,2026,2026-07-08 09:38:14,ADGE_INTEGRATION_SVC_FIN
300000489744733,01-2026,100001809515582,422911 - Computer SW licenses-and  Renewal,707598.01,2026,2026-07-08 09:38:14,ADGE_INTEGRATION_SVC_FIN
300000489744733,01-2026,100001809515582,"423711 - Telephone,telefax charges-Telecom, Satellite  services",3828,2026,2026-07-08 09:38:14,ADGE_INTEGRATION_SVC_FIN
300000489744733,01-2026,100001809515583,422911 - Computer SW licenses-and  Renewal,707598.01,2026,2026-07-08 09:38:14,ADGE_INTEGRATION_SVC_FIN
300000489744733,01-2026,100001809515583,"423711 - Telephone,telefax charges-Telecom, Satellite  services",8530.04,2026,2026-07-08 09:38:14,ADGE_INTEGRATION_SVC_FIN
300000489744733,01-2026,100001809515584,491320 - Hardware & peripherals - Capital Expenditure,567114,2026,2026-07-08 09:38:14,ADGE_INTEGRATION_SVC_FIN
300000489744733,01-2026,100001809515584,"493120 - Computer software-Operating System, Virtualization",1808919.25,2026,2026-07-08 09:38:14,ADGE_INTEGRATION_SVC_FIN
300000489744733,01-2026,100001809515585,491320 - Hardware & peripherals - Capital Expenditure,3650,2026,2026-07-08 09:38:14,ADGE_INTEGRATION_SVC_FIN
300000489744733,01-2026,100001809515585,"493120 - Computer software-Operating System, Virtualization",507871.25,2026,2026-07-08 09:38:14,ADGE_INTEGRATION_SVC_FIN
300000489744733,01-2026,100001809515586,491320 - Hardware & peripherals - Capital Expenditure,9170,2026,2026-07-08 09:38:14,ADGE_INTEGRATION_SVC_FIN
300000489744733,01-2026,100001809515586,"493120 - Computer software-Operating System, Virtualization",210800,2026,2026-07-08 09:38:14,ADGE_INTEGRATION_SVC_FIN
300000489744733,01-2026,100001809515587,491320 - Hardware & peripherals - Capital Expenditure,49363,2026,2026-07-08 09:38:14,ADGE_INTEGRATION_SVC_FIN
300000489744733,01-2026,100001809515587,"493120 - Computer software-Operating System, Virtualization",6000000,2026,2026-07-08 09:38:14,ADGE_INTEGRATION_SVC_FIN
300000489744733,01-2026,100001809515588,491320 - Hardware & peripherals - Capital Expenditure,32770,2026,2026-07-08 09:38:14,ADGE_INTEGRATION_SVC_FIN
300000489744733,01-2026,100001809515588,"493120 - Computer software-Operating System, Virtualization",101982,2026,2026-07-08 09:38:14,ADGE_INTEGRATION_SVC_FIN
300000489744733,01-2026,300000825591449,422213 - IT Systems - Support expenses-Security Services Operation,905655,2026,2026-07-08 09:38:14,ADGE_INTEGRATION_SVC_FIN
300000489744733,01-2026,300000825591455,422911 - Computer SW licenses-and  Renewal,1235177.41,2026,2026-07-08 09:38:14,ADGE_INTEGRATION_SVC_FIN
300000489744733,01-2026,300000825591459,"423711 - Telephone,telefax charges-Telecom, Satellite  services",1900920,2026,2026-07-08 09:38:14,ADGE_INTEGRATION_SVC_FIN
300000489744733,01-2026,300000825591463,425308 - SaaS - Business Specific Solutions Subscription,72091,2026,2026-07-08 09:38:14,ADGE_INTEGRATION_SVC_FIN
300000489744733,01-2026,300000825591467,491320 - Hardware & peripherals - Capital Expenditure,1155460.96,2026,2026-07-08 09:38:14,ADGE_INTEGRATION_SVC_FIN
300000489744733,01-2026,300000825591471,"493120 - Computer software-Operating System, Virtualization",493533,2026,2026-07-08 09:38:14,ADGE_INTEGRATION_SVC_FIN
300000489744733,02-2026,100001809515575,491320 - Hardware & peripherals - Capital Expenditure,1164324,2026,2026-07-08 09:38:14,ADGE_INTEGRATION_SVC_FIN
300000489744733,02-2026,100001809515580,422911 - Computer SW licenses-and  Renewal,57098,2026,2026-07-08 09:38:14,ADGE_INTEGRATION_SVC_FIN
300000489744733,02-2026,100001809515580,425303 - SaaS - Network & Infrastructure Software Subscription,11415,2026,2026-07-08 09:38:14,ADGE_INTEGRATION_SVC_FIN
300000489744733,02-2026,100001809515580,425308 - SaaS - Business Specific Solutions Subscription,139786.03,2026,2026-07-08 09:38:14,ADGE_INTEGRATION_SVC_FIN
300000489744733,02-2026,100001809515581,422911 - Computer SW licenses-and  Renewal,57098,2026,2026-07-08 09:38:14,ADGE_INTEGRATION_SVC_FIN
300000489744733,02-2026,100001809515581,425303 - SaaS - Network & Infrastructure Software Subscription,'-1775996.43,2026,2026-07-08 09:38:14,ADGE_INTEGRATION_SVC_FIN
300000489744733,02-2026,100001809515581,425308 - SaaS - Business Specific Solutions Subscription,1895996.43,2026,2026-07-08 09:38:14,ADGE_INTEGRATION_SVC_FIN
300000489744733,04-2026,100001809515579,422911 - Computer SW licenses-and  Renewal,8343.71,2026,2026-07-08 09:38:14,ADGE_INTEGRATION_SVC_FIN
300000489744752,01-2026,100001809516387,424521 - Manpower supply Other Than IT Related,240000,2026,2026-07-09 11:55:53,ADGE_INTEGRATION_SVC_FIN
300000489744752,01-2026,100001809516390,424521 - Manpower supply Other Than IT Related,316206,2026,2026-07-09 11:55:53,ADGE_INTEGRATION_SVC_FIN
300000489744770,01-2026,100001809517808,421122 - Management consultancy expenses,1291000,2026,2026-07-15 07:55:08,ADGE_INTEGRATION_SVC_FIN
300000489744770,01-2026,100001809517809,424760 - Entertainment and hospitality expenses,89383,2026,2026-07-15 07:55:08,ADGE_INTEGRATION_SVC_FIN
300000489744770,01-2026,100001809517816,424521 - Manpower supply Other Than IT Related,293500,2026,2026-07-15 07:55:08,ADGE_INTEGRATION_SVC_FIN
300000489744770,01-2026,300000505429320,424521 - Manpower supply Other Than IT Related,1399719,2026,2026-07-15 07:55:08,ADGE_INTEGRATION_SVC_FIN
300000489744791,01-2026,100001809518903,424521 - Manpower supply Other Than IT Related,3589300,2026,2026-02-03 13:40:11,ADGE_INTEGRATION_SVC_FIN
300000489744810,01-2026,100001809519072,424521 - Manpower supply Other Than IT Related,582444,2026,2026-07-08 10:10:56,ADGE_INTEGRATION_SVC_FIN
300000489744810,01-2026,300000505429564,413710 - Tuition fees Non IT Related,2130000,2026,2026-07-08 10:10:56,ADGE_INTEGRATION_SVC_FIN
300000489744865,01-2026,100001809520129,432625 - Charges for Artwork/Exhibits on Loan,7962173.75,2026,2026-07-29 07:40:16,ADGE_INTEGRATION_SVC_FIN
300000489744865,01-2026,100001809520136,422749 - Insurance - Other,2531296,2026,2026-07-29 07:40:16,ADGE_INTEGRATION_SVC_FIN
300000489744865,01-2026,100001809520143,491811 - Heritage culture assts,45318540,2026,2026-07-29 07:40:16,ADGE_INTEGRATION_SVC_FIN
300000489744903,01-2026,100001809521269,424521 - Manpower supply Other Than IT Related,864001,2026,2026-07-08 10:04:31,ADGE_INTEGRATION_SVC_FIN
300000489744922,01-2026,100001809521417,"422411 - Conferences, seminars and exhib  events: - Local Events",200000,2026,2026-08-03 12:21:43,ADGE_INTEGRATION_SVC_FIN
300000489744922,01-2026,100001809521424,424521 - Manpower supply Other Than IT Related,2880666.67,2026,2026-08-03 12:21:43,ADGE_INTEGRATION_SVC_FIN
300000489744922,01-2026,100001809521425,423821 - Business Travel - Per Diem Allowances,1600000,2026,2026-08-03 12:21:43,ADGE_INTEGRATION_SVC_FIN
300000489744941,01-2026,100001809522133,422612 - Education-Outsourced training service,10599465.81,2026,2026-08-03 12:22:59,ADGE_INTEGRATION_SVC_FIN
300000489744941,01-2026,100001809522141,424791 - Printing and publishing,1225000,2026,2026-08-03 12:22:59,ADGE_INTEGRATION_SVC_FIN
300000489744961,01-2026,100001809523307,"424231 - Events - Awards, prizes and gifts",250000,2026,2026-02-04 14:34:08,ADGE_INTEGRATION_SVC_FIN
300000489744961,01-2026,100001809523312,"422411 - Conferences, seminars and exhib  events: - Local Events",560000,2026,2026-02-04 14:34:08,ADGE_INTEGRATION_SVC_FIN
300000489744979,01-2026,100001809523678,421122 - Management consultancy expenses,600000,2026,2026-07-08 09:49:44,ADGE_INTEGRATION_SVC_FIN
300000489744979,01-2026,100001809523680,"422411 - Conferences, seminars and exhib  events: - Local Events",11261630,2026,2026-07-08 09:49:44,ADGE_INTEGRATION_SVC_FIN
300000489744979,01-2026,300000500522425,491211 - Capital expense - Buildings,6000000,2026,2026-07-08 09:49:44,ADGE_INTEGRATION_SVC_FIN
300000489744979,01-2026,300000505429369,491320 - Hardware & peripherals - Capital Expenditure,5995611,2026,2026-07-08 09:49:44,ADGE_INTEGRATION_SVC_FIN
300000489744998,01-2026,100001809523834,422321 - Cleaning and Pest control Services-Public,5034933,2026,2026-07-08 09:55:00,ADGE_INTEGRATION_SVC_FIN
300000489744998,01-2026,100001809523842,422718 - Insurance - Fixed Assets,700000,2026,2026-07-08 09:55:00,ADGE_INTEGRATION_SVC_FIN
300000489744998,01-2026,100001809523849,491211 - Capital expense - Buildings,13707167,2026,2026-07-08 09:55:00,ADGE_INTEGRATION_SVC_FIN
300000489744998,01-2026,100001809523849,491321 - Heavy equipment Capital Expenditure,3666666,2026,2026-07-08 09:55:00,ADGE_INTEGRATION_SVC_FIN
300000489744998,01-2026,300000491150189,423911 - Electricity consumption charges,9285384.16,2026,2026-07-08 09:55:00,ADGE_INTEGRATION_SVC_FIN
300000489744998,01-2026,300000491150189,423921 - Water consumption charges,300000,2026,2026-07-08 09:55:00,ADGE_INTEGRATION_SVC_FIN
300000489744998,01-2026,300000491150189,423931 - Consumption charges-Water & Electricity combined,1025328,2026,2026-07-08 09:55:00,ADGE_INTEGRATION_SVC_FIN
300000489744998,01-2026,300000500522401,421122 - Management consultancy expenses,4784442,2026,2026-07-08 09:55:00,ADGE_INTEGRATION_SVC_FIN
300000489744998,01-2026,300000500522401,426212 - Bldg maintenance-Business premises,6758300,2026,2026-07-08 09:55:00,ADGE_INTEGRATION_SVC_FIN
300000489744998,01-2026,300000500522401,"426319 - Maintenance : Plant, machinery heavy equip, nme",4605477,2026,2026-07-08 09:55:00,ADGE_INTEGRATION_SVC_FIN
300000489774017,01-2026,300000500522413,423441 - Scientific & Technology research  expenses,4000000,2026,2026-02-04 14:28:23,ADGE_INTEGRATION_SVC_FIN
300000489774036,01-2026,100001809524947,"422411 - Conferences, seminars and exhib  events: - Local Events",1050000,2026,2026-02-04 14:16:41,ADGE_INTEGRATION_SVC_FIN
300000489774054,01-2026,100001809525768,422511 - Advertising Services (General),4150000,2026,2026-02-04 14:21:37,ADGE_INTEGRATION_SVC_FIN
300000489774054,01-2026,100001809525770,"424231 - Events - Awards, prizes and gifts",213333,2026,2026-02-04 14:21:37,ADGE_INTEGRATION_SVC_FIN
300000489774054,01-2026,100001809525793,421125 - Professional Operational Service  expenses,700000,2026,2026-02-04 14:21:37,ADGE_INTEGRATION_SVC_FIN
300000489774054,01-2026,100001809525794,421125 - Professional Operational Service  expenses,6865500,2026,2026-02-04 14:21:37,ADGE_INTEGRATION_SVC_FIN
300000489774072,01-2026,100001809528324,424701 - Translation and interpretation service,8087747,2026,2026-02-04 14:17:38,ADGE_INTEGRATION_SVC_FIN
300000489774091,01-2026,300000505429359,491326 - Laboratory equipment - Capital Expenditure,36837626,2026,2026-02-06 09:51:43,ADGE_INTEGRATION_SVC_FIN
300000489774109,01-2026,100001809528733,424551 - Security service  expenses,9276684,2026,2026-07-08 10:03:16,ADGE_INTEGRATION_SVC_FIN
300000489774150,01-2026,100001809529177,424521 - Manpower supply Other Than IT Related,15429452,2026,2026-07-29 07:32:30,ADGE_INTEGRATION_SVC_FIN
300000489774168,01-2026,300000500522653,431115 - Academic Publications,15000,2026,2026-02-05 03:59:13,ADGE_INTEGRATION_SVC_FIN
300000489774168,01-2026,300000500522661,423421 - Historical research  expenses,650000,2026,2026-02-05 03:59:13,ADGE_INTEGRATION_SVC_FIN
300000489774186,01-2026,100001809530051,432625 - Charges for Artwork/Exhibits on Loan,4050000,2026,2026-08-07 09:10:16,ADGE_INTEGRATION_SVC_FIN
300000489774186,01-2026,100001809530058,422749 - Insurance - Other,296243,2026,2026-08-07 09:10:16,ADGE_INTEGRATION_SVC_FIN
300000489774186,01-2026,100001809530060,424521 - Manpower supply Other Than IT Related,3590900,2026,2026-08-07 09:10:16,ADGE_INTEGRATION_SVC_FIN
300000489774186,01-2026,100001809530061,423891 - Business Travel - Combined expenses,453010,2026,2026-08-07 09:10:16,ADGE_INTEGRATION_SVC_FIN
300000489774186,01-2026,100001809530064,"424671 - Freight and shipping costs, not elsewhere",2150000,2026,2026-08-07 09:10:16,ADGE_INTEGRATION_SVC_FIN
300000489774186,01-2026,100001809530065,491811 - Heritage culture assts,13800000,2026,2026-08-07 09:10:16,ADGE_INTEGRATION_SVC_FIN
300000489774186,01-2026,100001809530071,491360 - Hardware & peripherals-Conferencing & AV - Capital Expenditure,9500000,2026,2026-08-07 09:10:16,ADGE_INTEGRATION_SVC_FIN
300000489774186,01-2026,300000500522507,432625 - Charges for Artwork/Exhibits on Loan,500000,2026,2026-08-07 09:10:16,ADGE_INTEGRATION_SVC_FIN
300000489774186,01-2026,300000500522671,491326 - Laboratory equipment - Capital Expenditure,34806,2026,2026-08-07 09:10:16,ADGE_INTEGRATION_SVC_FIN
300000489774205,01-2026,100001809530250,424701 - Translation and interpretation service,69000,2026,2026-08-06 09:25:05,ADGE_INTEGRATION_SVC_FIN
300000489774205,01-2026,300000500522690,421125 - Professional Operational Service  expenses,1226500,2026,2026-08-06 09:25:05,ADGE_INTEGRATION_SVC_FIN
300000489774223,01-2026,300000500522520,422621 - Higher education and specialisation incentives,653000,2026,2026-02-05 03:55:28,ADGE_INTEGRATION_SVC_FIN
300000489774241,01-2026,100001809530877,421123 - Strategic planning consultancy  expenses,500000,2026,2026-07-29 07:29:44,ADGE_INTEGRATION_SVC_FIN
300000489774241,01-2026,100001809530898,421125 - Professional Operational Service  expenses,1738870.4,2026,2026-07-29 07:29:44,ADGE_INTEGRATION_SVC_FIN
300000489774262,01-2026,100001809532000,424521 - Manpower supply Other Than IT Related,1089100,2026,2026-08-06 09:22:20,ADGE_INTEGRATION_SVC_FIN
300000489774262,01-2026,100001809532001,423891 - Business Travel - Combined expenses,304505,2026,2026-08-06 09:22:20,ADGE_INTEGRATION_SVC_FIN
300000489774262,01-2026,100001809532004,423411 - General research  expenses,734400,2026,2026-08-06 09:22:20,ADGE_INTEGRATION_SVC_FIN
300000489774262,01-2026,300000505429373,422619 - Scholarships & other financial aid,1160000,2026,2026-08-06 09:22:20,ADGE_INTEGRATION_SVC_FIN
300000489774281,01-2026,300000500522511,"422411 - Conferences, seminars and exhib  events: - Local Events",6835000,2026,2026-02-11 11:02:13,ADGE_INTEGRATION_SVC_FIN
300000489774299,01-2026,300000500522524,"422411 - Conferences, seminars and exhib  events: - Local Events",87000,2026,2026-08-06 09:23:50,ADGE_INTEGRATION_SVC_FIN
300000489774318,01-2026,100001809533218,422311 - Cleaning Services: Business premises,3040000,2026,2026-08-06 09:26:22,ADGE_INTEGRATION_SVC_FIN
300000489774318,01-2026,100001809533218,422321 - Cleaning and Pest control Services-Public,13663673,2026,2026-08-06 09:26:22,ADGE_INTEGRATION_SVC_FIN
300000489774318,01-2026,100001809533223,422111 - Public Facility operations  expenses,13496092,2026,2026-08-06 09:26:22,ADGE_INTEGRATION_SVC_FIN
300000489774318,01-2026,100001809533226,422718 - Insurance - Fixed Assets,1384403.62,2026,2026-08-06 09:26:22,ADGE_INTEGRATION_SVC_FIN
300000489774318,01-2026,100001809533228,424521 - Manpower supply Other Than IT Related,2000000,2026,2026-08-06 09:26:22,ADGE_INTEGRATION_SVC_FIN
300000489774318,01-2026,100001809533229,423891 - Business Travel - Combined expenses,54200,2026,2026-08-06 09:26:22,ADGE_INTEGRATION_SVC_FIN
300000489774318,01-2026,100001809533233,491711 - Furniture & Fixtures - Offices - Capital Expenditure,2500000,2026,2026-08-06 09:26:22,ADGE_INTEGRATION_SVC_FIN
300000489774318,01-2026,300000491150195,423911 - Electricity consumption charges,5500000,2026,2026-08-06 09:26:22,ADGE_INTEGRATION_SVC_FIN
300000489774318,01-2026,300000491150195,423921 - Water consumption charges,300000,2026,2026-08-06 09:26:22,ADGE_INTEGRATION_SVC_FIN
300000489774318,01-2026,300000491150195,423931 - Consumption charges-Water & Electricity combined,7510140,2026,2026-08-06 09:26:22,ADGE_INTEGRATION_SVC_FIN
300000489774318,01-2026,300000500522528,426212 - Bldg maintenance-Business premises,700000,2026,2026-08-06 09:26:22,ADGE_INTEGRATION_SVC_FIN
300000489774318,01-2026,300000500522528,426214 - Public buildings  maintenance,500000,2026,2026-08-06 09:26:22,ADGE_INTEGRATION_SVC_FIN
300000489774337,01-2026,300000500522645,421116 - Academic Collaborative Partnership Serv Expense,965600,2026,2026-07-09 10:56:16,ADGE_INTEGRATION_SVC_FIN
300000489774337,01-2026,300000513275136,424221 - Events - Production costs,249366,2026,2026-07-09 10:56:16,ADGE_INTEGRATION_SVC_FIN
300000489774355,01-2026,300000500522515,422621 - Higher education and specialisation incentives,8487044,2026,2026-02-05 04:09:59,ADGE_INTEGRATION_SVC_FIN
300000489774374,01-2026,100001809546286,422621 - Higher education and specialisation incentives,244825.4,2026,2026-08-06 09:17:49,ADGE_INTEGRATION_SVC_FIN
300000489774374,01-2026,100001809546292,424521 - Manpower supply Other Than IT Related,2200000,2026,2026-08-06 09:17:49,ADGE_INTEGRATION_SVC_FIN
300000489774374,01-2026,100001809546293,423891 - Business Travel - Combined expenses,165950,2026,2026-08-06 09:17:49,ADGE_INTEGRATION_SVC_FIN
300000489774392,01-2026,100001809547206,422511 - Advertising Services (General),20000000,2026,2026-08-07 09:04:55,ADGE_INTEGRATION_SVC_FIN
300000489774392,01-2026,100001809547214,"422411 - Conferences, seminars and exhib  events: - Local Events",743127,2026,2026-08-07 09:04:55,ADGE_INTEGRATION_SVC_FIN
300000489774392,01-2026,100001809547218,424521 - Manpower supply Other Than IT Related,120000,2026,2026-08-07 09:04:55,ADGE_INTEGRATION_SVC_FIN
300000489774392,01-2026,100001809547220,423891 - Business Travel - Combined expenses,227080,2026,2026-08-07 09:04:55,ADGE_INTEGRATION_SVC_FIN
300000489774392,01-2026,100001809547222,431811 - Printing supplies,551000,2026,2026-08-07 09:04:55,ADGE_INTEGRATION_SVC_FIN
300000489774392,01-2026,100001809547225,423411 - General research  expenses,214000,2026,2026-08-07 09:04:55,ADGE_INTEGRATION_SVC_FIN
300000489774392,01-2026,100001809547226,421125 - Professional Operational Service  expenses,3139980,2026,2026-08-07 09:04:55,ADGE_INTEGRATION_SVC_FIN
300000489774392,01-2026,100001809547238,424811 - Sponsorship expenses/contributions,2500000,2026,2026-08-07 09:04:55,ADGE_INTEGRATION_SVC_FIN
300000489774392,01-2026,300000500522680,424151 - Other Marketing expenditure not mentioned elsewhere,1738445,2026,2026-08-07 09:04:55,ADGE_INTEGRATION_SVC_FIN
300000489774410,01-2026,300000500522676,424811 - Sponsorship expenses/contributions,237000,2026,2026-08-06 09:21:03,ADGE_INTEGRATION_SVC_FIN
300000489774428,01-2026,100001809549103,"422411 - Conferences, seminars and exhib  events: - Local Events",10465000,2026,2026-08-07 09:06:14,ADGE_INTEGRATION_SVC_FIN
300000489774446,01-2026,100001809549653,424791 - Printing and publishing,1600000,2026,2026-02-05 03:54:29,ADGE_INTEGRATION_SVC_FIN
300000489774465,01-2026,300000505429533,424551 - Security service  expenses,8618740,2026,2026-08-07 09:07:42,ADGE_INTEGRATION_SVC_FIN
300000489774503,01-2026,300000505788651,421123 - Strategic planning consultancy  expenses,952124,2026,2026-08-07 09:08:57,ADGE_INTEGRATION_SVC_FIN
300000489774521,01-2026,100001809554836,421122 - Management consultancy expenses,1759170,2026,2026-08-07 09:03:11,ADGE_INTEGRATION_SVC_FIN
300000489774521,01-2026,100001809554839,432411 - Uniforms and accessories for Employees,500000,2026,2026-08-07 09:03:11,ADGE_INTEGRATION_SVC_FIN
300000489774521,01-2026,100001809554857,424521 - Manpower supply Other Than IT Related,22391199.99,2026,2026-08-07 09:03:11,ADGE_INTEGRATION_SVC_FIN
300000489774521,01-2026,300000500522694,"432623 - Supplies  other purpose, not  elsewhere",1000505,2026,2026-08-07 09:03:11,ADGE_INTEGRATION_SVC_FIN
300000489774521,01-2026,300000500522699,431811 - Printing supplies,130967.5,2026,2026-08-07 09:03:11,ADGE_INTEGRATION_SVC_FIN
300000494589585,02-2026,300000494589600,424811 - Sponsorship expenses/contributions,1200000,2026,2026-02-02 08:52:54,ADGE_INTEGRATION_SVC_FIN
300000503094335,02-2026,300000696256474,461412 - Support to AD tourism development program,24794140,2026,2026-04-08 13:23:08,ADGE_INTEGRATION_SVC_FIN
300000503094363,02-2026,300000696256480,461412 - Support to AD tourism development program,94830000,2026,2026-04-08 13:42:40,ADGE_INTEGRATION_SVC_FIN
300000505788630,01-2026,300000505788642,422191 - Operations management expenses not elsewhere,71000000,2026,2026-02-09 06:09:54,ADGE_INTEGRATION_SVC_FIN
300000505788630,01-2026,300000505788646,491811 - Heritage culture assts,9000000,2026,2026-02-09 06:09:54,ADGE_INTEGRATION_SVC_FIN
300000506561625,01-2026,300000506561637,424521 - Manpower supply Other Than IT Related,584000,2026,2026-07-31 06:55:54,ADGE_INTEGRATION_SVC_FIN
300000506561625,01-2026,300000506561641,425203 - Rental - Motor vehicles,7608779.6,2026,2026-07-31 06:55:54,ADGE_INTEGRATION_SVC_FIN
300000506561625,01-2026,300000506561649,424591 - Waste management service,648000,2026,2026-07-31 06:55:54,ADGE_INTEGRATION_SVC_FIN
300000506561625,01-2026,300000506561653,426212 - Bldg maintenance-Business premises,5036640,2026,2026-07-31 06:55:54,ADGE_INTEGRATION_SVC_FIN
300000506561625,01-2026,300000506561657,495215 - Saadiyat Museums Roads & Parking - Capital Expenditure,1482376,2026,2026-07-31 06:55:54,ADGE_INTEGRATION_SVC_FIN
300000506561625,01-2026,300000572823002,421122 - Management consultancy expenses,1430000,2026,2026-07-31 06:55:54,ADGE_INTEGRATION_SVC_FIN
300000506561625,01-2026,300001729348797,"422411 - Conferences, seminars and exhib  events: - Local Events",4430784,2026,2026-07-31 06:55:54,ADGE_INTEGRATION_SVC_FIN
300000506561662,01-2026,300000506561683,424521 - Manpower supply Other Than IT Related,675000,2026,2026-07-08 09:56:29,ADGE_INTEGRATION_SVC_FIN
300000506561662,01-2026,300000506561687,421122 - Management consultancy expenses,900000,2026,2026-07-08 09:56:29,ADGE_INTEGRATION_SVC_FIN
300000506561662,01-2026,300000564545998,"422411 - Conferences, seminars and exhib  events: - Local Events",115312.5,2026,2026-07-08 09:56:29,ADGE_INTEGRATION_SVC_FIN
300000506561662,01-2026,300001116037303,425203 - Rental - Motor vehicles,1644720,2026,2026-07-08 09:56:29,ADGE_INTEGRATION_SVC_FIN
300000506561672,01-2026,300000506561691,422511 - Advertising Services (General),3180,2026,2026-03-30 11:56:57,ADGE_INTEGRATION_SVC_FIN
300000510178494,01-2026,300000510178515,422621 - Higher education and specialisation incentives,363758.6,2026,2026-06-03 12:37:43,ADGE_INTEGRATION_SVC_FIN
300000510178505,01-2026,300000510178531,424221 - Events - Production costs,163636,2026,2026-08-07 09:01:47,ADGE_INTEGRATION_SVC_FIN
300000510178505,01-2026,300000510178535,423891 - Business Travel - Combined expenses,126377,2026,2026-08-07 09:01:47,ADGE_INTEGRATION_SVC_FIN
300000510178505,01-2026,300000510178539,491711 - Furniture & Fixtures - Offices - Capital Expenditure,165194,2026,2026-08-07 09:01:47,ADGE_INTEGRATION_SVC_FIN
300000510178505,01-2026,300002871273681,424521 - Manpower supply Other Than IT Related,676000,2026,2026-08-07 09:01:47,ADGE_INTEGRATION_SVC_FIN
300000511966369,01-2026,300000511966393,424521 - Manpower supply Other Than IT Related,200000,2026,2026-02-10 10:57:36,ADGE_INTEGRATION_SVC_FIN
300000512150003,01-2026,300000512150017,421122 - Management consultancy expenses,2000000,2026,2026-07-06 09:21:26,ADGE_INTEGRATION_SVC_FIN
300000512150003,01-2026,300000512150017,421123 - Strategic planning consultancy  expenses,1300000,2026,2026-07-06 09:21:26,ADGE_INTEGRATION_SVC_FIN
300000512150003,01-2026,300001754861491,423821 - Business Travel - Per Diem Allowances,32000,2026,2026-07-06 09:21:26,ADGE_INTEGRATION_SVC_FIN
300000513275897,01-2026,300000513275932,424551 - Security service  expenses,5000000,2026,2026-02-16 07:25:08,ADGE_INTEGRATION_SVC_FIN
300000513275897,01-2026,300000513275932,426214 - Public buildings  maintenance,4560000,2026,2026-02-16 07:25:08,ADGE_INTEGRATION_SVC_FIN
300000513275897,01-2026,300000513275937,423351 - Medical services,120000,2026,2026-02-16 07:25:08,ADGE_INTEGRATION_SVC_FIN
300000513275897,01-2026,300000513275941,422718 - Insurance - Fixed Assets,350000,2026,2026-02-16 07:25:08,ADGE_INTEGRATION_SVC_FIN
300000513275897,01-2026,300000513275945,425203 - Rental - Motor vehicles,870846,2026,2026-02-16 07:25:08,ADGE_INTEGRATION_SVC_FIN
300000513275897,01-2026,300000513275949,423931 - Consumption charges-Water & Electricity combined,2160000,2026,2026-02-16 07:25:08,ADGE_INTEGRATION_SVC_FIN
300000513275897,01-2026,300000513275954,491711 - Furniture & Fixtures - Offices - Capital Expenditure,1536000,2026,2026-02-16 07:25:08,ADGE_INTEGRATION_SVC_FIN
300000513275897,01-2026,300000513275958,"424521 - Manpower supply ""Other Than IT Related""",2000000,2026,2026-02-16 07:25:08,ADGE_INTEGRATION_SVC_FIN
300000513275908,01-2026,300000513275962,"422411 - Conferences, seminars and exhib  events: - Local Events",100000,2026,2026-07-30 10:40:15,ADGE_INTEGRATION_SVC_FIN
300000513275908,01-2026,300000513275966,424641 - Celebration and festivals related services,1400000,2026,2026-07-30 10:40:15,ADGE_INTEGRATION_SVC_FIN
300000513275908,01-2026,300000513275970,424641 - Celebration and festivals related services,1480000,2026,2026-07-30 10:40:15,ADGE_INTEGRATION_SVC_FIN
300000513275908,01-2026,300000513275974,424641 - Celebration and festivals related services,600000,2026,2026-07-30 10:40:15,ADGE_INTEGRATION_SVC_FIN
300000513275908,01-2026,300000513275974,424760 - Entertainment and hospitality expenses,720000,2026,2026-07-30 10:40:15,ADGE_INTEGRATION_SVC_FIN
300000513275908,01-2026,300000513275979,424641 - Celebration and festivals related services,800000,2026,2026-07-30 10:40:15,ADGE_INTEGRATION_SVC_FIN
300000513275919,01-2026,300000513275983,424811 - Sponsorship expenses/contributions,550000,2026,2026-02-12 15:38:29,ADGE_INTEGRATION_SVC_FIN
300000515048997,01-2026,100002007094902,251413 - Payable to AD GLbl Mrkt,23699.23807692,2026,2026-07-09 10:24:19,haghareb@dctabudhabi.ae
300000515048997,02-2026,100002007094902,251413 - Payable to AD GLbl Mrkt,23699.23807692,2026,2026-07-09 10:24:19,haghareb@dctabudhabi.ae
300000515048997,03-2026,100002007094902,251413 - Payable to AD GLbl Mrkt,23699.23807692,2026,2026-07-09 10:24:19,haghareb@dctabudhabi.ae
300000515048997,04-2026,100002007094902,251413 - Payable to AD GLbl Mrkt,23699.23807692,2026,2026-07-09 10:24:19,haghareb@dctabudhabi.ae
300000515048997,05-2026,100002007094902,251413 - Payable to AD GLbl Mrkt,23699.23807692,2026,2026-07-09 10:24:19,haghareb@dctabudhabi.ae
300000515048997,06-2026,100002007094902,251413 - Payable to AD GLbl Mrkt,23699.23807692,2026,2026-07-09 10:24:19,haghareb@dctabudhabi.ae
300000515048997,07-2026,100002007094902,251413 - Payable to AD GLbl Mrkt,23699.23807692,2026,2026-07-09 10:24:19,haghareb@dctabudhabi.ae
300000515048997,08-2026,100002007094902,251413 - Payable to AD GLbl Mrkt,23699.23807692,2026,2026-07-09 10:24:19,haghareb@dctabudhabi.ae
300000515048997,09-2026,100002007094902,251413 - Payable to AD GLbl Mrkt,23699.23807692,2026,2026-07-09 10:24:19,haghareb@dctabudhabi.ae
300000515048997,10-2026,100002007094902,251413 - Payable to AD GLbl Mrkt,23699.23807692,2026,2026-07-09 10:24:19,haghareb@dctabudhabi.ae
300000515048997,11-2026,100002007094902,251413 - Payable to AD GLbl Mrkt,23699.23807692,2026,2026-07-09 10:24:19,haghareb@dctabudhabi.ae
300000515048997,12-2026,100002007094902,251413 - Payable to AD GLbl Mrkt,23699.23807692,2026,2026-07-09 10:24:19,haghareb@dctabudhabi.ae
300000515381385,02-2026,300000515381394,423821 - Business Travel - Per Diem Allowances,300000,2026,2026-02-17 10:41:15,ADGE_INTEGRATION_SVC_FIN
300000515381406,02-2026,300000520753546,423411 - General research  expenses,6347779,2026,2026-08-03 06:36:07,ADGE_INTEGRATION_SVC_FIN
300000515381406,02-2026,300000526286029,"424521 - Manpower supply ""Other Than IT Related""",4120400,2026,2026-08-03 06:36:07,ADGE_INTEGRATION_SVC_FIN
300000515381406,02-2026,300000526286053,423821 - Business Travel - Per Diem Allowances,220432,2026,2026-08-03 06:36:07,ADGE_INTEGRATION_SVC_FIN
300000515381406,02-2026,300000530525542,491211 - Capital expense - Buildings,200000,2026,2026-08-03 06:36:07,ADGE_INTEGRATION_SVC_FIN
300000515381406,02-2026,300002694778139,424761 - Entertainment and hospitality,100000,2026,2026-08-03 06:36:07,ADGE_INTEGRATION_SVC_FIN
300000515381430,02-2026,300000520753551,423411 - General research  expenses,1134000.69,2026,2026-07-03 10:00:14,ADGE_INTEGRATION_SVC_FIN
300000515381430,02-2026,300000526286033,"424521 - Manpower supply ""Other Than IT Related""",556000,2026,2026-07-03 10:00:14,ADGE_INTEGRATION_SVC_FIN
300000515381430,02-2026,300000526286057,423821 - Business Travel - Per Diem Allowances,150000,2026,2026-07-03 10:00:14,ADGE_INTEGRATION_SVC_FIN
300000515381430,02-2026,300000530525534,491211 - Capital expense - Buildings,250000,2026,2026-07-03 10:00:14,ADGE_INTEGRATION_SVC_FIN
300000515381456,02-2026,300000515381472,423821 - Business Travel - Per Diem Allowances,121000,2026,2026-02-26 17:25:14,ADGE_INTEGRATION_SVC_FIN
300000515381456,02-2026,300000530525589,424561 - Standards Certification Services. e.g. ISO,45000,2026,2026-02-26 17:25:14,ADGE_INTEGRATION_SVC_FIN
300000515381456,02-2026,300000530525596,424591 - Waste management service,45000,2026,2026-02-26 17:25:14,ADGE_INTEGRATION_SVC_FIN
300000515381456,02-2026,300000530525650,"424721 - Health,safety environment awareness",100000,2026,2026-02-26 17:25:14,ADGE_INTEGRATION_SVC_FIN
300000515381456,02-2026,300000530525697,"424671 - Freight and shipping costs, not elsewhere",112600,2026,2026-02-26 17:25:14,ADGE_INTEGRATION_SVC_FIN
300000515381456,02-2026,300000530525713,"424991 - Other services, not specifically mentioned elsewhere",132000,2026,2026-02-26 17:25:14,ADGE_INTEGRATION_SVC_FIN
300000515381456,02-2026,300000530525717,431812 - Stationery supplies,278000,2026,2026-02-26 17:25:14,ADGE_INTEGRATION_SVC_FIN
300000515381456,02-2026,300000533605410,"423711 - Telephone,telefax charges-Telecom, Satellite  services",4700000,2026,2026-02-26 17:25:14,ADGE_INTEGRATION_SVC_FIN
300000515381456,02-2026,300000533605414,423931 - Consumption charges-Water & Electricity combined,2548505,2026,2026-02-26 17:25:14,ADGE_INTEGRATION_SVC_FIN
300000515381508,02-2026,300000515381517,423821 - Business Travel - Per Diem Allowances,292318,2026,2026-07-28 12:43:27,ADGE_INTEGRATION_SVC_FIN
300000515381508,02-2026,300000522443393,421125 - Professional Operational Service  expenses,100000,2026,2026-07-28 12:43:27,ADGE_INTEGRATION_SVC_FIN
300000515381508,02-2026,300000522443398,422511 - Advertising Services (General),58281,2026,2026-07-28 12:43:27,ADGE_INTEGRATION_SVC_FIN
300000515381508,02-2026,300000522443405,424761 - Entertainment and hospitality,55000,2026,2026-07-28 12:43:27,ADGE_INTEGRATION_SVC_FIN
300000515381523,02-2026,300000515381532,423821 - Business Travel - Per Diem Allowances,122000,2026,2026-04-09 17:15:40,ADGE_INTEGRATION_SVC_FIN
300000515381523,02-2026,300000522443461,421125 - Professional Operational Service  expenses,20000,2026,2026-04-09 17:15:40,ADGE_INTEGRATION_SVC_FIN
300000515381523,02-2026,300000522443469,424251 - Tourism Promotion (include site improvements),214000,2026,2026-04-09 17:15:40,ADGE_INTEGRATION_SVC_FIN
300000515381538,02-2026,300000515381547,423821 - Business Travel - Per Diem Allowances,48000,2026,2026-04-09 17:18:19,ADGE_INTEGRATION_SVC_FIN
300000515381538,02-2026,300000522443475,421125 - Professional Operational Service  expenses,50000,2026,2026-04-09 17:18:19,ADGE_INTEGRATION_SVC_FIN
300000515381538,02-2026,300000522443479,424251 - Tourism Promotion (include site improvements),140000,2026,2026-04-09 17:18:19,ADGE_INTEGRATION_SVC_FIN
300000515381799,02-2026,300000519735951,"424521 - Manpower supply ""Other Than IT Related""",242000,2026,2026-02-19 06:28:58,ADGE_INTEGRATION_SVC_FIN
300000515381799,02-2026,300000519735955,"424521 - Manpower supply ""Other Than IT Related""",336000,2026,2026-02-19 06:28:58,ADGE_INTEGRATION_SVC_FIN
300000515381813,02-2026,300000519735959,"424521 - Manpower supply ""Other Than IT Related""",930300,2026,2026-03-30 07:25:25,ADGE_INTEGRATION_SVC_FIN
300000515381813,02-2026,300000520753508,"424521 - Manpower supply ""Other Than IT Related""",350000,2026,2026-03-30 07:25:25,ADGE_INTEGRATION_SVC_FIN
300000515381813,02-2026,300000520753535,"422401 - Conferences, seminars, exhib ,events: -deactivate",850000,2026,2026-03-30 07:25:25,ADGE_INTEGRATION_SVC_FIN
300000515381813,02-2026,300000526286045,423821 - Business Travel - Per Diem Allowances,270000,2026,2026-03-30 07:25:25,ADGE_INTEGRATION_SVC_FIN
300000515381825,02-2026,300000519735963,"424521 - Manpower supply ""Other Than IT Related""",440000,2026,2026-03-30 07:26:39,ADGE_INTEGRATION_SVC_FIN
300000515381825,02-2026,300000520753542,"422401 - Conferences, seminars, exhib ,events: -deactivate",351000,2026,2026-03-30 07:26:39,ADGE_INTEGRATION_SVC_FIN
300000515381836,02-2026,300000519735967,"424521 - Manpower supply ""Other Than IT Related""",420000,2026,2026-08-06 10:56:34,ADGE_INTEGRATION_SVC_FIN
300000515381836,02-2026,300000523120221,421123 - Strategic planning consultancy  expenses,2840200,2026,2026-08-06 10:56:34,ADGE_INTEGRATION_SVC_FIN
300000515381847,02-2026,300000543870491,"424521 - Manpower supply ""Other Than IT Related""",92705,2026,2026-05-18 06:16:25,ADGE_INTEGRATION_SVC_FIN
300000515381847,02-2026,300000543870495,"424521 - Manpower supply ""Other Than IT Related""",1967295,2026,2026-05-18 06:16:25,ADGE_INTEGRATION_SVC_FIN
300000519429778,02-2026,300000519429788,424811 - Sponsorship expenses/contributions,55055000,2026,2026-03-12 09:27:40,ADGE_INTEGRATION_SVC_FIN
300000519429778,02-2026,300000527601007,424811 - Sponsorship expenses/contributions,245000,2026,2026-03-12 09:27:40,ADGE_INTEGRATION_SVC_FIN
300000519429799,02-2026,300000519429866,422511 - Advertising Services (General),500000,2026,2026-02-21 17:14:35,ADGE_INTEGRATION_SVC_FIN
300000519429809,02-2026,300000519429870,424791 - Printing and publishing,90000,2026,2026-03-02 15:30:21,ADGE_INTEGRATION_SVC_FIN
300000519429809,02-2026,300000519429876,424791 - Printing and publishing,130000,2026,2026-03-02 15:30:21,ADGE_INTEGRATION_SVC_FIN
300000519429809,02-2026,300000519429883,423411 - General research  expenses,450000,2026,2026-03-02 15:30:21,ADGE_INTEGRATION_SVC_FIN
300000519429821,02-2026,300001395120175,"424521 - Manpower supply ""Other Than IT Related""",1520000,2026,2026-05-19 05:08:03,ADGE_INTEGRATION_SVC_FIN
300000519429832,02-2026,300000519429888,424791 - Printing and publishing,550000,2026,2026-03-02 10:28:19,ADGE_INTEGRATION_SVC_FIN
300000519429843,02-2026,300000519429892,424791 - Printing and publishing,100000,2026,2026-03-02 15:26:44,ADGE_INTEGRATION_SVC_FIN
300000519429843,02-2026,300000519429896,423411 - General research  expenses,430000,2026,2026-03-02 15:26:44,ADGE_INTEGRATION_SVC_FIN
300000519429854,02-2026,300000519429903,491811 - Heritage culture assts,330568,2026,2026-03-04 06:51:34,ADGE_INTEGRATION_SVC_FIN
300000519429908,02-2026,300000699031809,"424521 - Manpower supply ""Other Than IT Related""",5521140,2026,2026-04-13 11:57:46,ADGE_INTEGRATION_SVC_FIN
300000519429919,02-2026,300000522443534,421125 - Professional Operational Service  expenses,798527,2026,2026-02-21 17:28:03,ADGE_INTEGRATION_SVC_FIN
300000519429931,02-2026,300000521380249,421125 - Professional Operational Service  expenses,88320,2026,2026-02-26 22:08:16,ADGE_INTEGRATION_SVC_FIN
300000519429942,02-2026,300000539324744,421125 - Professional Operational Service  expenses,251364,2026,2026-03-30 06:09:15,ADGE_INTEGRATION_SVC_FIN
300000519429953,02-2026,300000522443712,421125 - Professional Operational Service  expenses,277452,2026,2026-02-21 17:22:47,ADGE_INTEGRATION_SVC_FIN
300000519429968,02-2026,300000522443678,421125 - Professional Operational Service  expenses,571808,2026,2026-02-21 17:24:08,ADGE_INTEGRATION_SVC_FIN
300000519429979,02-2026,300000522443692,421125 - Professional Operational Service  expenses,455342,2026,2026-02-21 17:19:04,ADGE_INTEGRATION_SVC_FIN
300000519429999,02-2026,300000522443696,421125 - Professional Operational Service  expenses,409058,2026,2026-02-21 17:25:33,ADGE_INTEGRATION_SVC_FIN
300000519735977,02-2026,300000519735986,422511 - Advertising Services (General),106614,2026,2026-08-07 05:49:01,ADGE_INTEGRATION_SVC_FIN
300000519735977,02-2026,300000519735990,422511 - Advertising Services (General),55952,2026,2026-08-07 05:49:01,ADGE_INTEGRATION_SVC_FIN
300000519735977,02-2026,300000519735994,422511 - Advertising Services (General),4022112,2026,2026-08-07 05:49:01,ADGE_INTEGRATION_SVC_FIN
300000519736000,02-2026,300000523068009,422511 - Advertising Services (General),1028462,2026,2026-07-10 09:55:53,ADGE_INTEGRATION_SVC_FIN
300000519777664,02-2026,300000519429793,"422401 - Conferences, seminars, exhib ,events: -deactivate",34477500,2026,2026-02-18 08:20:16,ADGE_INTEGRATION_SVC_FIN
300000520753464,02-2026,300000520753473,421123 - Strategic planning consultancy  expenses,3081782,2026,2026-06-19 06:21:38,ADGE_INTEGRATION_SVC_FIN
300000520753482,02-2026,300000520753500,421123 - Strategic planning consultancy  expenses,1000000,2026,2026-02-27 20:20:19,ADGE_INTEGRATION_SVC_FIN
300000520753513,02-2026,300000520753522,"424521 - Manpower supply ""Other Than IT Related""",200000,2026,2026-03-30 07:23:43,ADGE_INTEGRATION_SVC_FIN
300000520753556,02-2026,300000520753567,424791 - Printing and publishing,600000,2026,2026-04-24 06:04:58,ADGE_INTEGRATION_SVC_FIN
300000520753572,02-2026,300000520753581,423411 - General research  expenses,6421400,2026,2026-06-30 04:50:01,ADGE_INTEGRATION_SVC_FIN
300000520753592,02-2026,300000520753602,423411 - General research  expenses,2019735,2026,2026-04-22 10:58:32,ADGE_INTEGRATION_SVC_FIN
300000520753706,02-2026,300000520753716,422511 - Advertising Services (General),10000,2026,2026-03-30 06:30:50,ADGE_INTEGRATION_SVC_FIN
300000520753706,02-2026,300000520753751,424781 - Public relations expenses,1025351,2026,2026-03-30 06:30:50,ADGE_INTEGRATION_SVC_FIN
300000520753706,02-2026,300000523120146,422511 - Advertising Services (General),600000,2026,2026-03-30 06:30:50,ADGE_INTEGRATION_SVC_FIN
300000520753756,02-2026,300000520753765,424781 - Public relations expenses,179868,2026,2026-03-30 06:26:23,ADGE_INTEGRATION_SVC_FIN
300000520753756,02-2026,300000523120150,422511 - Advertising Services (General),420000,2026,2026-03-30 06:26:23,ADGE_INTEGRATION_SVC_FIN
300000522443012,02-2026,300000522443700,421125 - Professional Operational Service  expenses,371450,2026,2026-02-21 17:26:50,ADGE_INTEGRATION_SVC_FIN
300000522443025,02-2026,300000522443704,421125 - Professional Operational Service  expenses,336000,2026,2026-02-21 17:16:19,ADGE_INTEGRATION_SVC_FIN
300000522443036,02-2026,300000522443708,421125 - Professional Operational Service  expenses,325169,2026,2026-02-21 17:21:32,ADGE_INTEGRATION_SVC_FIN
300000522443047,02-2026,300000522443721,421125 - Professional Operational Service  expenses,163170,2026,2026-02-21 17:17:31,ADGE_INTEGRATION_SVC_FIN
300000522443058,02-2026,300000522443725,421125 - Professional Operational Service  expenses,162000,2026,2026-02-21 17:20:19,ADGE_INTEGRATION_SVC_FIN
300000522443075,02-2026,300000539324751,421125 - Professional Operational Service  expenses,110000,2026,2026-04-27 11:06:22,ADGE_INTEGRATION_SVC_FIN
300000522443075,02-2026,300000539324755,424251 - Tourism Promotion (include site improvements),256500,2026,2026-04-27 11:06:22,ADGE_INTEGRATION_SVC_FIN
300000522443098,02-2026,300000533408728,424251 - Tourism Promotion (include site improvements),500000,2026,2026-03-02 18:50:37,ADGE_INTEGRATION_SVC_FIN
300000522443109,02-2026,300000533408732,424251 - Tourism Promotion (include site improvements),400000,2026,2026-03-02 18:49:22,ADGE_INTEGRATION_SVC_FIN
300000522443120,02-2026,300000533408736,424251 - Tourism Promotion (include site improvements),350000,2026,2026-03-02 18:41:27,ADGE_INTEGRATION_SVC_FIN
300000522443131,02-2026,300000533408740,424251 - Tourism Promotion (include site improvements),335000,2026,2026-03-02 18:45:27,ADGE_INTEGRATION_SVC_FIN
300000522443142,02-2026,300000533408747,424251 - Tourism Promotion (include site improvements),300000,2026,2026-03-02 18:46:51,ADGE_INTEGRATION_SVC_FIN
300000522443156,02-2026,300000533408751,424251 - Tourism Promotion (include site improvements),272704,2026,2026-03-02 18:48:07,ADGE_INTEGRATION_SVC_FIN
300000522443167,02-2026,300000533408755,424251 - Tourism Promotion (include site improvements),267946,2026,2026-03-02 18:44:06,ADGE_INTEGRATION_SVC_FIN
300000522443179,02-2026,300000521380723,424251 - Tourism Promotion (include site improvements),242500,2026,2026-03-02 18:42:53,ADGE_INTEGRATION_SVC_FIN
300000522443190,02-2026,300000523969260,424251 - Tourism Promotion (include site improvements),230000,2026,2026-03-02 18:57:40,ADGE_INTEGRATION_SVC_FIN
300000522443203,02-2026,300000523969264,424251 - Tourism Promotion (include site improvements),200000,2026,2026-03-02 18:59:10,ADGE_INTEGRATION_SVC_FIN
300000522443214,02-2026,300000523969268,424251 - Tourism Promotion (include site improvements),170000,2026,2026-03-02 18:56:25,ADGE_INTEGRATION_SVC_FIN
300000522443225,02-2026,300000523969272,424251 - Tourism Promotion (include site improvements),170000,2026,2026-03-02 19:00:25,ADGE_INTEGRATION_SVC_FIN
300000522443240,02-2026,300000521380704,"422401 - Conferences, seminars, exhib ,events: -deactivate",4073000,2026,2026-05-11 05:17:54,ADGE_INTEGRATION_SVC_FIN
300000522443240,02-2026,300000521380707,424761 - Entertainment and hospitality,393104,2026,2026-05-11 05:17:54,ADGE_INTEGRATION_SVC_FIN
300000522443251,02-2026,300000526211009,"422401 - Conferences, seminars, exhib ,events: -deactivate",3200000,2026,2026-06-29 06:25:33,ADGE_INTEGRATION_SVC_FIN
300000522443251,02-2026,300000526211013,"424521 - Manpower supply ""Other Than IT Related""",826000,2026,2026-06-29 06:25:33,ADGE_INTEGRATION_SVC_FIN
300000522443251,02-2026,300000533408779,493180 - System development & implemention costs - Capital Expenditure,548000,2026,2026-06-29 06:25:33,ADGE_INTEGRATION_SVC_FIN
300000522443264,02-2026,300000522443338,491211 - Capital expense - Buildings,4750000,2026,2026-07-23 05:35:57,ADGE_INTEGRATION_SVC_FIN
300000522443264,02-2026,300000522443349,"424521 - Manpower supply ""Other Than IT Related""",2000000,2026,2026-07-23 05:35:57,ADGE_INTEGRATION_SVC_FIN
300000522443275,02-2026,300000526211025,"424521 - Manpower supply ""Other Than IT Related""",6641736,2026,2026-07-23 05:38:43,ADGE_INTEGRATION_SVC_FIN
300000522443298,02-2026,300000526211005,"424521 - Manpower supply ""Other Than IT Related""",1440500,2026,2026-07-24 10:02:15,ADGE_INTEGRATION_SVC_FIN
300000522443309,02-2026,300000526211021,423411 - General research  expenses,848973,2026,2026-04-08 18:45:41,ADGE_INTEGRATION_SVC_FIN
300000523068016,02-2026,300000523068025,422511 - Advertising Services (General),173231,2026,2026-07-10 09:57:09,ADGE_INTEGRATION_SVC_FIN
300000523068031,02-2026,300000523068040,422511 - Advertising Services (General),680255,2026,2026-03-05 12:17:19,ADGE_INTEGRATION_SVC_FIN
300000523068046,02-2026,300000523068055,422511 - Advertising Services (General),111045,2026,2026-03-05 22:17:58,ADGE_INTEGRATION_SVC_FIN
300000523068061,02-2026,300000523068070,422511 - Advertising Services (General),4578992,2026,2026-07-11 20:14:43,ADGE_INTEGRATION_SVC_FIN
300000523068076,02-2026,300000523068085,422511 - Advertising Services (General),310007,2026,2026-07-11 20:11:48,ADGE_INTEGRATION_SVC_FIN
300000523120163,02-2026,300000523120174,422511 - Advertising Services (General),486000,2026,2026-03-30 06:27:34,ADGE_INTEGRATION_SVC_FIN
300000523120180,02-2026,300000523120189,422511 - Advertising Services (General),478350,2026,2026-03-30 06:29:06,ADGE_INTEGRATION_SVC_FIN
300000523120273,02-2026,300000523120282,421125 - Professional Operational Service  expenses,2000000,2026,2026-03-05 09:55:38,ADGE_INTEGRATION_SVC_FIN
300000523120488,02-2026,300000523120497,421125 - Professional Operational Service  expenses,8885604,2026,2026-07-11 20:20:04,ADGE_INTEGRATION_SVC_FIN
300000523120488,02-2026,300000523120502,422511 - Advertising Services (General),61745188,2026,2026-07-11 20:20:04,ADGE_INTEGRATION_SVC_FIN
300000523120507,02-2026,300000523120516,421125 - Professional Operational Service  expenses,3566112,2026,2026-03-05 09:58:53,ADGE_INTEGRATION_SVC_FIN
300000523120525,02-2026,300000523120534,422511 - Advertising Services (General),16254812,2026,2026-07-11 20:05:06,ADGE_INTEGRATION_SVC_FIN
300000523120587,02-2026,300000523120597,422511 - Advertising Services (General),103325196,2026,2026-07-11 20:10:30,ADGE_INTEGRATION_SVC_FIN
300000523120605,02-2026,300000523120614,422511 - Advertising Services (General),41604132,2026,2026-03-05 10:14:25,ADGE_INTEGRATION_SVC_FIN
300000524331900,02-2026,300000524331913,422511 - Advertising Services (General),35593116,2026,2026-07-11 20:09:12,ADGE_INTEGRATION_SVC_FIN
300000524331900,02-2026,300000527601030,422511 - Advertising Services (General),10424533,2026,2026-07-11 20:09:12,ADGE_INTEGRATION_SVC_FIN
300000524331936,02-2026,300000524331945,422511 - Advertising Services (General),27674893,2026,2026-07-11 20:04:00,ADGE_INTEGRATION_SVC_FIN
300000524331951,02-2026,300000524331960,422511 - Advertising Services (General),19631222,2026,2026-07-11 20:18:44,ADGE_INTEGRATION_SVC_FIN
300000524331971,02-2026,300000524331980,422511 - Advertising Services (General),15714077,2026,2026-03-05 10:15:41,ADGE_INTEGRATION_SVC_FIN
300000524331987,02-2026,300000524331996,422511 - Advertising Services (General),14023498,2026,2026-07-11 20:16:04,ADGE_INTEGRATION_SVC_FIN
300000524331987,02-2026,300000527601057,422511 - Advertising Services (General),5000000,2026,2026-07-11 20:16:04,ADGE_INTEGRATION_SVC_FIN
300000525499051,02-2026,300000525499060,422511 - Advertising Services (General),7651644,2026,2026-07-11 20:17:29,ADGE_INTEGRATION_SVC_FIN
300000525499051,02-2026,300000527601011,422511 - Advertising Services (General),7051900,2026,2026-07-11 20:17:29,ADGE_INTEGRATION_SVC_FIN
300000525499051,02-2026,300000527601049,422511 - Advertising Services (General),6000000,2026,2026-07-11 20:17:29,ADGE_INTEGRATION_SVC_FIN
300000525499066,02-2026,300000525499075,422511 - Advertising Services (General),7365215,2026,2026-07-11 20:06:28,ADGE_INTEGRATION_SVC_FIN
300000525499081,02-2026,300000525499090,422511 - Advertising Services (General),6997222,2026,2026-07-11 20:05:30,ADGE_INTEGRATION_SVC_FIN
300000525499096,02-2026,300000525499105,422511 - Advertising Services (General),5726419,2026,2026-03-05 22:17:55,ADGE_INTEGRATION_SVC_FIN
300000525499112,02-2026,300000525499121,422511 - Advertising Services (General),5305985,2026,2026-07-11 20:04:14,ADGE_INTEGRATION_SVC_FIN
300000525499127,02-2026,300000525499136,422511 - Advertising Services (General),5225097,2026,2026-07-11 20:06:58,ADGE_INTEGRATION_SVC_FIN
300000527459002,02-2026,300000527459011,422511 - Advertising Services (General),5127372,2026,2026-07-11 20:08:13,ADGE_INTEGRATION_SVC_FIN
300000527459017,02-2026,300000527459026,422511 - Advertising Services (General),4731881,2026,2026-07-11 20:13:29,ADGE_INTEGRATION_SVC_FIN
300000527459037,02-2026,300000527459046,422511 - Advertising Services (General),2556561,2026,2026-07-11 20:08:15,ADGE_INTEGRATION_SVC_FIN
300000527459052,02-2026,300000527459061,422511 - Advertising Services (General),2355003,2026,2026-07-11 20:04:16,ADGE_INTEGRATION_SVC_FIN
300000527459070,02-2026,300000527459079,422511 - Advertising Services (General),2000000,2026,2026-03-05 12:03:07,ADGE_INTEGRATION_SVC_FIN
300000527459085,02-2026,300000527459094,422511 - Advertising Services (General),1825714,2026,2026-03-05 12:12:20,ADGE_INTEGRATION_SVC_FIN
300000527459100,02-2026,300000527459109,422511 - Advertising Services (General),1719325,2026,2026-03-05 12:10:51,ADGE_INTEGRATION_SVC_FIN
300000527459115,02-2026,300000527459124,422511 - Advertising Services (General),1591796,2026,2026-07-11 20:07:00,ADGE_INTEGRATION_SVC_FIN
300000527459130,02-2026,300000527459139,422511 - Advertising Services (General),1503299,2026,2026-07-11 20:10:48,ADGE_INTEGRATION_SVC_FIN
300000527459145,02-2026,300000527459154,422511 - Advertising Services (General),1402115,2026,2026-07-11 20:12:14,ADGE_INTEGRATION_SVC_FIN
300000527459162,02-2026,300000527459171,422511 - Advertising Services (General),1290356,2026,2026-03-05 12:14:49,ADGE_INTEGRATION_SVC_FIN
300000527459180,02-2026,300000527459189,422511 - Advertising Services (General),1006754,2026,2026-07-11 20:09:33,ADGE_INTEGRATION_SVC_FIN
300000527459194,02-2026,300000527459203,422511 - Advertising Services (General),799625,2026,2026-07-11 20:05:31,ADGE_INTEGRATION_SVC_FIN
300000527459209,02-2026,300000527459218,422511 - Advertising Services (General),795899,2026,2026-07-11 20:06:59,ADGE_INTEGRATION_SVC_FIN
300000527459224,02-2026,300000527459233,422511 - Advertising Services (General),758120,2026,2026-07-11 20:13:29,ADGE_INTEGRATION_SVC_FIN
300000527459240,02-2026,300000527459249,422511 - Advertising Services (General),635403,2026,2026-07-11 20:05:30,ADGE_INTEGRATION_SVC_FIN
300000527459255,02-2026,300000527459264,422511 - Advertising Services (General),521282,2026,2026-04-22 12:04:07,ADGE_INTEGRATION_SVC_FIN
300000527459255,02-2026,300000527459406,422511 - Advertising Services (General),12340060,2026,2026-04-22 12:04:07,ADGE_INTEGRATION_SVC_FIN
300000527459271,02-2026,300000527459280,422511 - Advertising Services (General),417333,2026,2026-07-11 20:12:14,ADGE_INTEGRATION_SVC_FIN
300000527459289,02-2026,300000527459298,422511 - Advertising Services (General),417230,2026,2026-03-05 22:26:55,ADGE_INTEGRATION_SVC_FIN
300000527459303,02-2026,300000527459312,422511 - Advertising Services (General),326223,2026,2026-03-05 22:20:25,ADGE_INTEGRATION_SVC_FIN
300000527459323,02-2026,300000527459332,422511 - Advertising Services (General),278123,2026,2026-07-11 20:08:14,ADGE_INTEGRATION_SVC_FIN
300000527459338,02-2026,300000527459347,422511 - Advertising Services (General),267071,2026,2026-07-11 20:04:15,ADGE_INTEGRATION_SVC_FIN
300000527459355,02-2026,300000527459364,422511 - Advertising Services (General),141416,2026,2026-03-05 22:21:41,ADGE_INTEGRATION_SVC_FIN
300000527459373,02-2026,300000527459382,422511 - Advertising Services (General),120561,2026,2026-07-11 20:09:34,ADGE_INTEGRATION_SVC_FIN
300000527459392,02-2026,300000527459401,422511 - Advertising Services (General),52263,2026,2026-07-11 20:10:49,ADGE_INTEGRATION_SVC_FIN
300000527601017,02-2026,300000527601026,422511 - Advertising Services (General),13395500,2026,2026-07-10 07:59:12,ADGE_INTEGRATION_SVC_FIN
300000527601017,02-2026,300000527601053,422511 - Advertising Services (General),5500000,2026,2026-07-10 07:59:12,ADGE_INTEGRATION_SVC_FIN
300000527601036,02-2026,300000527601045,422511 - Advertising Services (General),9918506,2026,2026-08-07 05:51:47,ADGE_INTEGRATION_SVC_FIN
300000527601065,02-2026,300000527601074,422511 - Advertising Services (General),1853920,2026,2026-04-07 11:36:05,ADGE_INTEGRATION_SVC_FIN
300000527601079,02-2026,300000527601158,424811 - Sponsorship expenses/contributions,874000,2026,2026-08-10 10:21:55,ADGE_INTEGRATION_SVC_FIN
300000527601135,02-2026,300000527601149,425301 - Pass Integ platform,6583475,2026,2026-08-05 11:01:55,ADGE_INTEGRATION_SVC_FIN
300000527601135,02-2026,300000527601153,"493140 - Computer software-Application, Platform - Capital Expenditure",4391944,2026,2026-08-05 11:01:55,ADGE_INTEGRATION_SVC_FIN
300000530525547,02-2026,300000542075853,"422401 - Conferences, seminars, exhib ,events: -deactivate",2102172,2026,2026-04-28 09:01:06,ADGE_INTEGRATION_SVC_FIN
300000530525547,02-2026,300000542075857,"422401 - Conferences, seminars, exhib ,events: -deactivate",70000,2026,2026-04-28 09:01:06,ADGE_INTEGRATION_SVC_FIN
300000530525547,02-2026,300000542075865,"422951 - Other licenses, not mentioned elsewhere",11007,2026,2026-04-28 09:01:06,ADGE_INTEGRATION_SVC_FIN
300000530525547,02-2026,300000776028508,424761 - Entertainment and hospitality,250000,2026,2026-04-28 09:01:06,ADGE_INTEGRATION_SVC_FIN
300000533544706,02-2026,300000533544715,"424521 - Manpower supply ""Other Than IT Related""",1000000,2026,2026-02-27 21:29:21,ADGE_INTEGRATION_SVC_FIN
300000542075797,03-2026,300000542075870,422511 - Advertising Services (General),1170305.6,2026,2026-07-10 11:09:56,sqawasmeh@dctabudhabi.ae
300000542075797,03-2026,300000542075874,424781 - Public relations expenses,500000,2026,2026-07-10 11:09:56,sqawasmeh@dctabudhabi.ae
300000542075808,03-2026,300000542075878,425301 - Pass Integ platform,310000,2026,2026-04-28 09:51:55,ADGE_INTEGRATION_SVC_FIN
300000542075808,03-2026,300000542075882,"424671 - Freight and shipping costs, not elsewhere",130000,2026,2026-04-28 09:51:55,ADGE_INTEGRATION_SVC_FIN
300000542075819,03-2026,300000542075903,424131 - License Fee support - Related business,93180,2026,2026-03-30 06:51:53,ADGE_INTEGRATION_SVC_FIN
300000542075887,03-2026,300000542075899,423531 - International sports Events,6549232,2026,2026-07-10 19:35:09,ADGE_INTEGRATION_SVC_FIN
300000543243686,03-2026,300000543243695,422511 - Advertising Services (General),1600000,2026,2026-07-15 08:13:24,ADGE_INTEGRATION_SVC_FIN
300000543243686,03-2026,300000543243699,422511 - Advertising Services (General),7878000,2026,2026-07-15 08:13:24,ADGE_INTEGRATION_SVC_FIN
300000543243686,03-2026,300000543243807,421125 - Professional Operational Service  expenses,2000000,2026,2026-07-15 08:13:24,ADGE_INTEGRATION_SVC_FIN
300000543243686,03-2026,300000543243811,421125 - Professional Operational Service  expenses,1500000,2026,2026-07-15 08:13:24,ADGE_INTEGRATION_SVC_FIN
300000543243686,03-2026,300000543243815,424781 - Public relations expenses,500000,2026,2026-07-15 08:13:24,ADGE_INTEGRATION_SVC_FIN
300000543607006,03-2026,300000696256164,461412 - Support to AD tourism development program,1640000,2026,2026-04-08 12:14:00,ADGE_INTEGRATION_SVC_FIN
300000543607099,03-2026,300000696256491,461412 - Support to AD tourism development program,2891576,2026,2026-05-05 12:41:24,hkaddoura@dctabudhabi.ae
300000543607099,04-2026,300000696256491,461412 - Support to AD tourism development program,'-656576,2026,2026-05-05 12:41:24,hkaddoura@dctabudhabi.ae
300000655538713,04-2026,300000655538723,"422401 - Conferences, seminars, exhib ,events: -deactivate",987000,2026,2026-04-08 05:54:20,ADGE_INTEGRATION_SVC_FIN
300000805438981,01-2026,300000825591510,422212 - IT Systems - Support expenses-Application/Systems Operation,20520,2026,2026-04-27 08:30:17,ADGE_INTEGRATION_SVC_FIN
300000805438981,01-2026,300000825591510,422213 - IT Systems - Support expenses-Security Services Operation,424151.75,2026,2026-04-27 08:30:17,ADGE_INTEGRATION_SVC_FIN
300000805438981,01-2026,300000825591515,422911 - Computer SW licenses-and  Renewal,4386950.26,2026,2026-04-27 08:30:17,ADGE_INTEGRATION_SVC_FIN
300000805438981,01-2026,300000825591519,"423711 - Telephone,telefax charges-Telecom, Satellite  services",1700000.92,2026,2026-04-27 08:30:17,ADGE_INTEGRATION_SVC_FIN
300000805438981,01-2026,300000825591541,422218 - Cloud-Infrastructure,607886.4,2026,2026-04-27 08:30:17,ADGE_INTEGRATION_SVC_FIN
300000805438981,01-2026,300000825591541,425308 - SaaS - Business Specific Solutions Subscription,2181823.89,2026,2026-04-27 08:30:17,ADGE_INTEGRATION_SVC_FIN
300000805438981,01-2026,300000825591546,"421119 - IT consultancy, not software develop",864000,2026,2026-04-27 08:30:17,ADGE_INTEGRATION_SVC_FIN
300000805438981,01-2026,300000825591550,491320 - Hardware & peripherals - Capital Expenditure,6087578,2026,2026-04-27 08:30:17,ADGE_INTEGRATION_SVC_FIN
300000805438981,01-2026,300000825591556,"493120 - Computer software-Operating System, Virtualization",2712283.25,2026,2026-04-27 08:30:17,ADGE_INTEGRATION_SVC_FIN
300000805438992,01-2026,300000825591562,422212 - IT Systems - Support expenses-Application/Systems Operation,20520,2026,2026-04-27 08:34:47,ADGE_INTEGRATION_SVC_FIN
300000805438992,01-2026,300000825591562,422213 - IT Systems - Support expenses-Security Services Operation,424151.75,2026,2026-04-27 08:34:47,ADGE_INTEGRATION_SVC_FIN
300000805438992,01-2026,300000825591569,422911 - Computer SW licenses-and  Renewal,7711055.3,2026,2026-04-27 08:34:47,ADGE_INTEGRATION_SVC_FIN
300000805438992,01-2026,300000825591573,"423711 - Telephone,telefax charges-Telecom, Satellite  services",1632668.68,2026,2026-04-27 08:34:47,ADGE_INTEGRATION_SVC_FIN
300000805438992,01-2026,300000825591579,422218 - Cloud-Infrastructure,607886.4,2026,2026-04-27 08:34:47,ADGE_INTEGRATION_SVC_FIN
300000805438992,01-2026,300000825591579,425303 - SaaS - Network & Infrastructure Software Subscription,2956361,2026,2026-04-27 08:34:47,ADGE_INTEGRATION_SVC_FIN
300000805438992,01-2026,300000825591579,425308 - SaaS - Business Specific Solutions Subscription,4152326.29,2026,2026-04-27 08:34:47,ADGE_INTEGRATION_SVC_FIN
300000805438992,01-2026,300000825591585,"421119 - IT consultancy, not software develop",864000,2026,2026-04-27 08:34:47,ADGE_INTEGRATION_SVC_FIN
300000805438992,01-2026,300000825591589,491320 - Hardware & peripherals - Capital Expenditure,5102317.33,2026,2026-04-27 08:34:47,ADGE_INTEGRATION_SVC_FIN
300000805438992,01-2026,300000825591593,"493120 - Computer software-Operating System, Virtualization",4958431.69,2026,2026-04-27 08:34:47,ADGE_INTEGRATION_SVC_FIN
300000806659613,04-2026,300000806659634,424811 - Sponsorship expenses/contributions,4240000,2026,2026-06-23 08:56:08,ADGE_INTEGRATION_SVC_FIN
300000806659613,04-2026,300000823575496,424811 - Sponsorship expenses/contributions,4000000,2026,2026-06-23 08:56:08,ADGE_INTEGRATION_SVC_FIN
300000823212013,01-2026,300000825591597,422212 - IT Systems - Support expenses-Application/Systems Operation,20520,2026,2026-04-27 08:59:22,ADGE_INTEGRATION_SVC_FIN
300000823212013,01-2026,300000825591597,422213 - IT Systems - Support expenses-Security Services Operation,424152.25,2026,2026-04-27 08:59:22,ADGE_INTEGRATION_SVC_FIN
300000823212013,01-2026,300000825591601,422911 - Computer SW licenses-and  Renewal,6230619.31,2026,2026-04-27 08:59:22,ADGE_INTEGRATION_SVC_FIN
300000823212013,01-2026,300000825591606,"423711 - Telephone,telefax charges-Telecom, Satellite  services",1502400.74,2026,2026-04-27 08:59:22,ADGE_INTEGRATION_SVC_FIN
300000823212013,01-2026,300000825591610,422218 - Cloud-Infrastructure,607886.4,2026,2026-04-27 08:59:22,ADGE_INTEGRATION_SVC_FIN
300000823212013,01-2026,300000825591610,425303 - SaaS - Network & Infrastructure Software Subscription,120000,2026,2026-04-27 08:59:22,ADGE_INTEGRATION_SVC_FIN
300000823212013,01-2026,300000825591610,425308 - SaaS - Business Specific Solutions Subscription,4033812.27,2026,2026-04-27 08:59:22,ADGE_INTEGRATION_SVC_FIN
300000823212013,01-2026,300000825591616,"421119 - IT consultancy, not software develop",864000,2026,2026-04-27 08:59:22,ADGE_INTEGRATION_SVC_FIN
300000823212013,01-2026,300000825591620,491320 - Hardware & peripherals - Capital Expenditure,5605543.91,2026,2026-04-27 08:59:22,ADGE_INTEGRATION_SVC_FIN
300000823212013,01-2026,300000825591624,"493120 - Computer software-Operating System, Virtualization",5575502,2026,2026-04-27 08:59:22,ADGE_INTEGRATION_SVC_FIN
300000823212026,01-2026,300000825591628,422213 - IT Systems - Support expenses-Security Services Operation,305818,2026,2026-04-27 08:58:07,ADGE_INTEGRATION_SVC_FIN
300000823212026,01-2026,300000825591632,422911 - Computer SW licenses-and  Renewal,3031505.65,2026,2026-04-27 08:58:07,ADGE_INTEGRATION_SVC_FIN
300000823212026,01-2026,300000825591733,"423711 - Telephone,telefax charges-Telecom, Satellite  services",564148,2026,2026-04-27 08:58:07,ADGE_INTEGRATION_SVC_FIN
300000823212026,01-2026,300000825591737,422218 - Cloud-Infrastructure,607886.4,2026,2026-04-27 08:58:07,ADGE_INTEGRATION_SVC_FIN
300000823212026,01-2026,300000825591737,425308 - SaaS - Business Specific Solutions Subscription,458569,2026,2026-04-27 08:58:07,ADGE_INTEGRATION_SVC_FIN
300000823212026,01-2026,300000825591742,"421119 - IT consultancy, not software develop",739000,2026,2026-04-27 08:58:07,ADGE_INTEGRATION_SVC_FIN
300000823212026,01-2026,300000825591746,491320 - Hardware & peripherals - Capital Expenditure,14837350.66,2026,2026-04-27 08:58:07,ADGE_INTEGRATION_SVC_FIN
300000823212026,01-2026,300000825591750,"493120 - Computer software-Operating System, Virtualization",34519335.23,2026,2026-04-27 08:58:07,ADGE_INTEGRATION_SVC_FIN
300000823212037,01-2026,300000825591757,422212 - IT Systems - Support expenses-Application/Systems Operation,20520,2026,2026-04-27 08:54:21,ADGE_INTEGRATION_SVC_FIN
300000823212037,01-2026,300000825591757,422213 - IT Systems - Support expenses-Security Services Operation,83333.75,2026,2026-04-27 08:54:21,ADGE_INTEGRATION_SVC_FIN
300000823212037,01-2026,300000825591762,422911 - Computer SW licenses-and  Renewal,1696666.33,2026,2026-04-27 08:54:21,ADGE_INTEGRATION_SVC_FIN
300000823212037,01-2026,300000825591766,"423711 - Telephone,telefax charges-Telecom, Satellite  services",9315.96,2026,2026-04-27 08:54:21,ADGE_INTEGRATION_SVC_FIN
300000823212037,01-2026,300000825591770,425303 - SaaS - Network & Infrastructure Software Subscription,1000000,2026,2026-04-27 08:54:21,ADGE_INTEGRATION_SVC_FIN
300000823212037,01-2026,300000825591770,425308 - SaaS - Business Specific Solutions Subscription,241644,2026,2026-04-27 08:54:21,ADGE_INTEGRATION_SVC_FIN
300000823212037,01-2026,300000825591775,"421119 - IT consultancy, not software develop",864000,2026,2026-04-27 08:54:21,ADGE_INTEGRATION_SVC_FIN
300000823212037,01-2026,300000825591779,491320 - Hardware & peripherals - Capital Expenditure,2379029.66,2026,2026-04-27 08:54:21,ADGE_INTEGRATION_SVC_FIN
300000823212037,01-2026,300000825591783,"493120 - Computer software-Operating System, Virtualization",948741.33,2026,2026-04-27 08:54:21,ADGE_INTEGRATION_SVC_FIN
300001118411256,04-2026,300001118411265,421125 - Professional Operational Service  expenses,2028690,2026,2026-06-08 13:37:32,ADGE_INTEGRATION_SVC_FIN
300001118411271,04-2026,300001118411280,421125 - Professional Operational Service  expenses,8133603,2026,2026-06-08 13:38:48,ADGE_INTEGRATION_SVC_FIN
300001409291415,05-2026,300001409291426,221390 - Other accrued expenses not mentioned elsewhere,51455.18044,2026,2026-07-07 11:46:11,haghareb@dctabudhabi.ae
300001409291415,06-2026,300001409291426,221390 - Other accrued expenses not mentioned elsewhere,122700.814898,2026,2026-07-07 11:46:11,haghareb@dctabudhabi.ae
300001409291415,07-2026,300001409291426,221390 - Other accrued expenses not mentioned elsewhere,122700.814898,2026,2026-07-07 11:46:11,haghareb@dctabudhabi.ae
300001409291415,08-2026,300001409291426,221390 - Other accrued expenses not mentioned elsewhere,122700.814898,2026,2026-07-07 11:46:11,haghareb@dctabudhabi.ae
300001409291415,09-2026,300001409291426,221390 - Other accrued expenses not mentioned elsewhere,122700.814898,2026,2026-07-07 11:46:11,haghareb@dctabudhabi.ae
300001409291415,10-2026,300001409291426,221390 - Other accrued expenses not mentioned elsewhere,122700.814898,2026,2026-07-07 11:46:11,haghareb@dctabudhabi.ae
300001409291415,11-2026,300001409291426,221390 - Other accrued expenses not mentioned elsewhere,122700.814898,2026,2026-07-07 11:46:11,haghareb@dctabudhabi.ae
300001409291415,12-2026,300001409291426,221390 - Other accrued expenses not mentioned elsewhere,122700.814898,2026,2026-07-07 11:46:11,haghareb@dctabudhabi.ae
300001709897598,06-2026,300001709897607,221390 - Other accrued expenses not mentioned elsewhere,432094.88272727,2026,2026-07-09 06:31:01,haghareb@dctabudhabi.ae
300001709897598,07-2026,300001709897607,221390 - Other accrued expenses not mentioned elsewhere,432094.88272727,2026,2026-07-09 06:31:01,haghareb@dctabudhabi.ae
300001709897598,08-2026,300001709897607,221390 - Other accrued expenses not mentioned elsewhere,432094.88272727,2026,2026-07-09 06:31:01,haghareb@dctabudhabi.ae
300001709897598,09-2026,300001709897607,221390 - Other accrued expenses not mentioned elsewhere,432094.88272727,2026,2026-07-09 06:31:01,haghareb@dctabudhabi.ae
300001709897598,10-2026,300001709897607,221390 - Other accrued expenses not mentioned elsewhere,432094.88272727,2026,2026-07-09 06:31:01,haghareb@dctabudhabi.ae
300001709897598,11-2026,300001709897607,221390 - Other accrued expenses not mentioned elsewhere,432094.88272727,2026,2026-07-09 06:31:01,haghareb@dctabudhabi.ae
300001709897598,12-2026,300001709897607,221390 - Other accrued expenses not mentioned elsewhere,432094.88272727,2026,2026-07-09 06:31:01,haghareb@dctabudhabi.ae
300001742354127,06-2026,300001742354138,"422401 - Conferences, seminars, exhib ,events: -deactivate",5806674,2026,2026-06-08 11:11:45,ADGE_INTEGRATION_SVC_FIN
300001868847140,06-2026,300002289034502,"422401 - Conferences, seminars, exhib ,events: -deactivate",5508750,2026,2026-07-30 11:29:33,ADGE_INTEGRATION_SVC_FIN
300001868847140,06-2026,300002289034505,424131 - License Fee support - Related business,12853750,2026,2026-07-30 11:29:33,ADGE_INTEGRATION_SVC_FIN
300002000280931,01-2026,300002018009112,422191 - Operations management expenses not elsewhere,26321026,2026,2026-07-29 07:20:43,ADGE_INTEGRATION_SVC_FIN
300002000280931,01-2026,300002018009118,491811 - Heritage culture assts,1317223,2026,2026-07-29 07:20:43,ADGE_INTEGRATION_SVC_FIN
300002018692082,06-2026,300002018692092,462611 - Cultural Religious,7747698,2026,2026-06-19 06:19:27,ADGE_INTEGRATION_SVC_FIN
300002108432942,06-2026,300002108432951,221390 - Other accrued expenses not mentioned elsewhere,538821.78441988,2026,2026-07-14 06:03:02,salrabeea@dctabudhabi.ae
300002108432942,07-2026,300002108432951,221390 - Other accrued expenses not mentioned elsewhere,2020581.69157459,2026,2026-07-14 06:03:02,salrabeea@dctabudhabi.ae
300002108432942,08-2026,300002108432951,221390 - Other accrued expenses not mentioned elsewhere,2020581.69157459,2026,2026-07-14 06:03:02,salrabeea@dctabudhabi.ae
300002108432942,09-2026,300002108432951,221390 - Other accrued expenses not mentioned elsewhere,2020581.69157459,2026,2026-07-14 06:03:02,salrabeea@dctabudhabi.ae
300002108432942,10-2026,300002108432951,221390 - Other accrued expenses not mentioned elsewhere,2020581.69157459,2026,2026-07-14 06:03:02,salrabeea@dctabudhabi.ae
300002108432942,11-2026,300002108432951,221390 - Other accrued expenses not mentioned elsewhere,2020581.69157459,2026,2026-07-14 06:03:02,salrabeea@dctabudhabi.ae
300002108432942,12-2026,300002108432951,221390 - Other accrued expenses not mentioned elsewhere,2020581.69157459,2026,2026-07-14 06:03:02,salrabeea@dctabudhabi.ae
300002202082683,06-2026,300002202082701,"424521 - Manpower supply ""Other Than IT Related""",6000000,2026,2026-07-20 13:08:58,ADGE_INTEGRATION_SVC_FIN
300002298860144,07-2026,300002299090828,221390 - Other accrued expenses not mentioned elsewhere,215956.80863827,2026,2026-07-15 07:07:39,sqawasmeh@dctabudhabi.ae
300002298860144,08-2026,300002299090828,221390 - Other accrued expenses not mentioned elsewhere,278944.21115777,2026,2026-07-15 07:07:39,sqawasmeh@dctabudhabi.ae
300002298860144,09-2026,300002299090828,221390 - Other accrued expenses not mentioned elsewhere,278944.21115777,2026,2026-07-15 07:07:39,sqawasmeh@dctabudhabi.ae
300002298860144,10-2026,300002299090828,221390 - Other accrued expenses not mentioned elsewhere,278944.21115777,2026,2026-07-15 07:07:39,sqawasmeh@dctabudhabi.ae
300002298860144,11-2026,300002299090828,221390 - Other accrued expenses not mentioned elsewhere,278944.21115777,2026,2026-07-15 07:07:39,sqawasmeh@dctabudhabi.ae
300002298860144,12-2026,300002299090828,221390 - Other accrued expenses not mentioned elsewhere,278944.21115777,2026,2026-07-15 07:07:39,sqawasmeh@dctabudhabi.ae
300002303460038,07-2026,300002303460048,422212 - IT Systems - Support expenses-Application/Systems Operation,3040000,2026,2026-07-15 09:31:07,ADGE_INTEGRATION_SVC_FIN
300002303460038,07-2026,300002303460052,424131 - License Fee support - Related business,832653,2026,2026-07-15 09:31:07,ADGE_INTEGRATION_SVC_FIN
300002588119467,07-2026,300002588119476,221390 - Other accrued expenses not mentioned elsewhere,43610.99273608,2026,2026-07-29 04:23:18,sqawasmeh@dctabudhabi.ae
300002588119467,08-2026,300002588119476,221390 - Other accrued expenses not mentioned elsewhere,150215.64164649,2026,2026-07-29 04:23:18,sqawasmeh@dctabudhabi.ae
300002588119467,09-2026,300002588119476,221390 - Other accrued expenses not mentioned elsewhere,150215.64164649,2026,2026-07-29 04:23:18,sqawasmeh@dctabudhabi.ae
300002588119467,10-2026,300002588119476,221390 - Other accrued expenses not mentioned elsewhere,150215.64164649,2026,2026-07-29 04:23:18,sqawasmeh@dctabudhabi.ae
300002588119467,11-2026,300002588119476,221390 - Other accrued expenses not mentioned elsewhere,150215.64164649,2026,2026-07-29 04:23:18,sqawasmeh@dctabudhabi.ae
300002588119467,12-2026,300002588119476,221390 - Other accrued expenses not mentioned elsewhere,150215.64164649,2026,2026-07-29 04:23:18,sqawasmeh@dctabudhabi.ae
300002690626682,07-2026,300002690626700,461412 - Support to AD tourism development program,2098650,2026,2026-08-07 07:59:22,ADGE_INTEGRATION_SVC_FIN